site_id,date,true_discharge,pred_discharge
55000900029608,2020-09-11,0.022259302,0.026270265
55000900061097,2020-09-11,0.44457376,0.26547414
55000900098500,2020-09-11,0.0039643524,0.004219098
55000900130309,2020-09-11,0.00063112157,-2.7529857e-06
55000900133417,2020-09-11,0.15347706,0.09698858
55000900167055,2020-09-11,0.039643522,0.021119371
55000900200040,2020-09-11,0.001980321,-0.0023673088
55000900234607,2020-09-11,0.0012532368,0.0074868617
55000900271031,2020-09-11,0.00015012844,0.0020766745
55000900029608,2020-09-12,0.022312691,0.014826152
55000900061097,2020-09-12,0.45873216,0.284865
55000900098500,2020-09-12,0.0042475206,0.0071835453
55000900130309,2020-09-12,0.00081348006,0.00051333144
55000900133417,2020-09-12,0.15347706,0.08585169
55000900167055,2020-09-12,0.040776193,0.011884214
55000900200040,2020-09-12,0.002057406,-0.007611525
55000900234607,2020-09-12,0.0013067832,0.0031449862
55000900271031,2020-09-12,0.00015878082,-0.00084184046
55000900029608,2020-09-13,0.022330783,0.014025975
55000900061097,2020-09-13,0.46156383,0.31204
55000900098500,2020-09-13,0.0042475206,0.0038943116
55000900130309,2020-09-13,0.000848414,-0.0011083707
55000900133417,2020-09-13,0.15206122,0.07251967
55000900167055,2020-09-13,0.040776193,0.019761164
55000900200040,2020-09-13,0.0020784568,-0.004524325
55000900234607,2020-09-13,0.0013098115,0.0010886787
55000900271031,2020-09-13,0.00015141648,-0.0021671716
55000900029608,2020-09-14,0.022329602,0.014543086
55000900061097,2020-09-14,0.46156383,0.33058062
55000900098500,2020-09-14,0.0042475206,-0.0013759235
55000900130309,2020-09-14,0.00080738415,-0.0029507133
55000900133417,2020-09-14,0.15092854,0.06813102
55000900167055,2020-09-14,0.040209856,0.028279105
55000900200040,2020-09-14,0.0020784568,-0.004021794
55000900234607,2020-09-14,0.0012685162,-0.0050607985
55000900271031,2020-09-14,0.00014239048,-0.0044062636
55000900029608,2020-09-15,0.022329899,0.015022897
55000900061097,2020-09-15,0.44457376,0.34185502
55000900098500,2020-09-15,0.0042475206,-0.0005884785
55000900130309,2020-09-15,0.00077706145,-0.0018609078
55000900133417,2020-09-15,0.14922953,0.07516144
55000900167055,2020-09-15,0.039643522,0.033908658
55000900200040,2020-09-15,0.0020784568,-0.0037647926
55000900234607,2020-09-15,0.001242913,-0.004745657
55000900271031,2020-09-15,0.00013663861,-0.0018864748
55000900029608,2020-09-16,0.022331374,0.015028146
55000900061097,2020-09-16,0.44174206,0.3384744
55000900098500,2020-09-16,0.0039643524,0.00074621924
55000900130309,2020-09-16,0.000733308,-0.0015796561
55000900133417,2020-09-16,0.14809687,0.07503559
55000900167055,2020-09-16,0.03907718,0.034361724
55000900200040,2020-09-16,0.0020784568,-0.0036280155
55000900234607,2020-09-16,0.0012241235,-0.0041963193
55000900271031,2020-09-16,0.00012773061,-0.0010752964
55000900029608,2020-09-17,0.02232567,0.015816908
55000900061097,2020-09-17,0.4389104,0.34307054
55000900098500,2020-09-17,0.0039643524,-0.0006166992
55000900130309,2020-09-17,0.0007772188,-0.00096411316
55000900133417,2020-09-17,0.14838003,0.08254739
55000900167055,2020-09-17,0.03879402,0.038186237
55000900200040,2020-09-17,0.0020784568,-0.003011611
55000900234607,2020-09-17,0.0011984515,-0.004414898
55000900271031,2020-09-17,0.0001289498,0.0011065052
55000900029608,2020-09-18,0.028596083,0.015051515
55000900061097,2020-09-18,0.4672272,0.34249508
55000900098500,2020-09-18,0.0048138564,0.0017042548
55000900130309,2020-09-18,0.00093464274,0.0006903445
55000900133417,2020-09-18,0.16225527,0.084697716
55000900167055,2020-09-18,0.04134253,0.047951296
55000900200040,2020-09-18,0.0024822566,-0.0019251143
55000900234607,2020-09-18,0.0016200482,-0.0037729351
55000900271031,2020-09-18,0.00017915323,0.0077139474
55000900029608,2020-09-19,0.03389084,0.015541432
55000900061097,2020-09-19,0.56350434,0.35230654
55000900098500,2020-09-19,0.0053801923,0.0029875361
55000900130309,2020-09-19,0.0015155216,0.000997299
55000900133417,2020-09-19,0.1795285,0.09617732
55000900167055,2020-09-19,0.050120737,0.049773183
55000900200040,2020-09-19,0.0035388686,-0.0018369018
55000900234607,2020-09-19,0.0021882236,-0.002249356
55000900271031,2020-09-19,0.0002462681,0.010326174
55000900029608,2020-09-20,0.027767815,0.017549835
55000900061097,2020-09-20,0.50120735,0.3620642
55000900098500,2020-09-20,0.0045306883,0.005661701
55000900130309,2020-09-20,0.0010283932,0.00031616693
55000900133417,2020-09-20,0.15744142,0.09771035
55000900167055,2020-09-20,0.044457376,0.05668469
55000900200040,2020-09-20,0.002484823,-0.00028830708
55000900234607,2020-09-20,0.0016160759,-0.002686577
55000900271031,2020-09-20,0.00017816016,0.013750585
55000900029608,2020-09-21,0.026156507,0.029273449
55000900061097,2020-09-21,0.4672272,0.4827421
55000900098500,2020-09-21,0.0042475206,0.0038208272
55000900130309,2020-09-21,0.0008789628,0.0045474926
55000900133417,2020-09-21,0.15149488,0.12770687
55000900167055,2020-09-21,0.041625693,0.08060924
55000900200040,2020-09-21,0.0022991414,0.0037003693
55000900234607,2020-09-21,0.0014872245,0.0019919681
55000900271031,2020-09-21,0.00014472072,0.015164825
55000900029608,2020-09-22,0.025370715,0.019584568
55000900061097,2020-09-22,0.45873216,0.43698096
55000900098500,2020-09-22,0.0039643524,0.0014484836
55000900130309,2020-09-22,0.0008367333,0.00031336464
55000900133417,2020-09-22,0.14894637,0.118002765
55000900167055,2020-09-22,0.040209856,0.06611019
55000900200040,2020-09-22,0.0022044175,0.00017778293
55000900234607,2020-09-22,0.0014262842,-0.003151956
55000900271031,2020-09-22,0.00012897931,0.014594458
55000900029608,2020-09-23,0.036093064,0.016318062
55000900061097,2020-09-23,0.47855392,0.3869149
55000900098500,2020-09-23,0.0045306883,0.0059024123
55000900130309,2020-09-23,0.0009346919,-0.0013303207
55000900133417,2020-09-23,0.16395427,0.089976296
55000900167055,2020-09-23,0.042758368,0.051449083
55000900200040,2020-09-23,0.003181162,-0.0035950472
55000900234607,2020-09-23,0.0018934434,-0.002962911
55000900271031,2020-09-23,0.00025541207,0.006873381
55000900029608,2020-09-24,0.050056912,0.016361292
55000900061097,2020-09-24,0.7022567,0.3901405
55000900098500,2020-09-24,0.0067960327,0.0040408997
55000900130309,2020-09-24,0.0018909755,-0.0015155762
55000900133417,2020-09-24,0.20048293,0.089417495
55000900167055,2020-09-24,0.07135834,0.05663377
55000900200040,2020-09-24,0.003837041,-0.0023856456
55000900234607,2020-09-24,0.0023609172,-0.00438852
55000900271031,2020-09-24,0.00054023234,0.009205436
55000900029608,2020-09-25,0.07169599,0.017602107
55000900061097,2020-09-25,0.6484547,0.4021889
55000900098500,2020-09-25,0.0082118735,0.002548035
55000900130309,2020-09-25,0.003335007,5.5914446e-05
55000900133417,2020-09-25,0.21747303,0.09828205
55000900167055,2020-09-25,0.06937616,0.06153815
55000900200040,2020-09-25,0.0084815845,2.248983e-05
55000900234607,2020-09-25,0.0051509924,-0.004232495
55000900271031,2020-09-25,0.00091094704,0.014819486
55000900029608,2020-09-26,0.05952201,0.058882084
55000900061097,2020-09-26,0.8608307,0.8349028
55000900098500,2020-09-26,0.010194049,0.007209825
55000900130309,2020-09-26,0.0029229573,0.019139001
55000900133417,2020-09-26,0.2423918,0.18946674
55000900167055,2020-09-26,0.104205824,0.12169328
55000900200040,2020-09-26,0.0049051465,0.018341256
55000900234607,2020-09-26,0.003119671,0.016713874
55000900271031,2020-09-26,0.0009765773,0.0069395266
55000900029608,2020-09-27,0.032562215,0.036627922
55000900061097,2020-09-27,0.5691677,0.5772314
55000900098500,2020-09-27,0.0050970246,-0.0014678743
55000900130309,2020-09-27,0.0013626303,0.0044227643
55000900133417,2020-09-27,0.16621962,0.14564593
55000900167055,2020-09-27,0.055784095,0.07797167
55000900200040,2020-09-27,0.0028034071,0.003203898
55000900234607,2020-09-27,0.0018203504,0.0026520167
55000900271031,2020-09-27,0.00030242983,0.010653515
55000900029608,2020-09-28,0.028906783,0.16103807
55000900061097,2020-09-28,0.50687075,1.3896017
55000900098500,2020-09-28,0.0042475206,0.002160656
55000900130309,2020-09-28,0.0010466024,0.039517663
55000900133417,2020-09-28,0.15602556,0.30359855
55000900167055,2020-09-28,0.048704896,0.18884882
55000900200040,2020-09-28,0.002474401,0.038755957
55000900234607,2020-09-28,0.0016030285,0.027114991
55000900271031,2020-09-28,0.0002253549,0.015961733
55000900029608,2020-09-29,0.026882816,0.048582733
55000900061097,2020-09-29,0.47855392,0.6706877
55000900098500,2020-09-29,0.0039643524,0.0021499116
55000900130309,2020-09-29,0.0009182229,0.0012221087
55000900133417,2020-09-29,0.15149488,0.18595831
55000900167055,2020-09-29,0.045873214,0.08479894
55000900200040,2020-09-29,0.0022975581,0.0027921665
55000900234607,2020-09-29,0.0015054633,0.0037463387
55000900271031,2020-09-29,0.00019100106,0.015622993
55000900029608,2020-09-30,0.025781114,0.025617266
55000900061097,2020-09-30,0.46156383,0.5089881
55000900098500,2020-09-30,0.003681184,0.007078043
55000900130309,2020-09-30,0.0008580005,-0.00046922802
55000900133417,2020-09-30,0.14838003,0.13588482
55000900167055,2020-09-30,0.04417421,0.06712404
55000900200040,2020-09-30,0.0021801316,0.00031396086
55000900234607,2020-09-30,0.0014561446,0.00024591803
55000900271031,2020-09-30,0.00016796413,0.006585931
55000900029608,2020-10-01,0.024897292,0.014614441
55000900061097,2020-10-01,0.4530688,0.4240786
55000900098500,2020-10-01,0.0033980163,0.011330708
55000900130309,2020-10-01,0.00084879744,-0.0023159161
55000900133417,2020-10-01,0.14611469,0.116715096
55000900167055,2020-10-01,0.043041535,0.040365253
55000900200040,2020-10-01,0.0022464502,-0.0041881762
55000900234607,2020-10-01,0.0018404869,0.00024074606
55000900271031,2020-10-01,0.00015114117,0.0068640187
55000900029608,2020-10-02,0.024429966,0.016507424
55000900061097,2020-10-02,0.44174206,0.3846122
55000900098500,2020-10-02,0.0033980163,0.011833824
55000900130309,2020-10-02,0.00077454443,-0.0011794721
55000900133417,2020-10-02,0.14413251,0.08964698
55000900167055,2020-10-02,0.04219203,0.03544647
55000900200040,2020-10-02,0.0023304764,-0.0029831682
55000900234607,2020-10-02,0.0022115458,0.0036181281
55000900271031,2020-10-02,0.00014125978,0.0030720276
55000900029608,2020-10-03,0.023852322,0.02192681
55000900061097,2020-10-03,0.44174206,0.364265
55000900098500,2020-10-03,0.0031148482,0.0020993042
55000900130309,2020-10-03,0.00071358454,-0.0024027484
55000900133417,2020-10-03,0.14271668,0.07219249
55000900167055,2020-10-03,0.041625693,0.038389187
55000900200040,2020-10-03,0.0023304764,-0.0014784312
55000900234607,2020-10-03,0.0022115458,0.0014718304
55000900271031,2020-10-03,0.00013131936,-0.0013729995
55000900029608,2020-10-04,0.023275465,0.023168461
55000900061097,2020-10-04,0.43041536,0.35984412
55000900098500,2020-10-04,0.0031148482,-0.00042761286
55000900130309,2020-10-04,0.00071358454,-0.0024762994
55000900133417,2020-10-04,0.14130084,0.070517965
55000900167055,2020-10-04,0.04134253,0.036496513
55000900200040,2020-10-04,0.0023304764,-0.0015645218
55000900234607,2020-10-04,0.0022115458,-0.00024579797
55000900271031,2020-10-04,0.00012577401,-0.00047464203
55000900029608,2020-10-05,0.023272712,0.023425365
55000900061097,2020-10-05,0.424752,0.36412022
55000900098500,2020-10-05,0.00283168,-0.0034093012
55000900130309,2020-10-05,0.00071358454,-0.0026967716
55000900133417,2020-10-05,0.14016816,0.06738622
55000900167055,2020-10-05,0.04134253,0.03624846
55000900200040,2020-10-05,0.0023304764,-0.0014946046
55000900234607,2020-10-05,0.0022115458,-0.0029496881
55000900271031,2020-10-05,0.000121624784,-0.0014171272
55000900029608,2020-10-06,0.023196315,0.022492228
55000900061097,2020-10-06,0.4219203,0.3841855
55000900098500,2020-10-06,0.00283168,-0.004136696
55000900130309,2020-10-06,0.00071358454,-0.0012665968
55000900133417,2020-10-06,0.13903548,0.075994864
55000900167055,2020-10-06,0.04105936,0.040370166
55000900200040,2020-10-06,0.0023304764,-0.0017267404
55000900234607,2020-10-06,0.0022115458,-0.004288737
55000900271031,2020-10-06,8.872612e-05,0.0027339323
55000900029608,2020-10-07,0.022515235,0.021381171
55000900061097,2020-10-07,0.4219203,0.39507928
55000900098500,2020-10-07,0.002548512,-0.006483023
55000900130309,2020-10-07,0.000716839,-0.00072711706
55000900133417,2020-10-07,0.13846914,0.09596492
55000900167055,2020-10-07,0.040493026,0.04466239
55000900200040,2020-10-07,0.0026672897,-0.0018880885
55000900234607,2020-10-07,0.002156387,-0.004253372
55000900271031,2020-10-07,1.6606651e-05,0.005250874
55000900029608,2020-10-08,0.02191311,0.016592301
55000900061097,2020-10-08,0.4134253,0.38507152
55000900098500,2020-10-08,0.002548512,-0.0019707493
55000900130309,2020-10-08,0.00071358454,-0.0028856813
55000900133417,2020-10-08,0.13818598,0.09808535
55000900167055,2020-10-08,0.040209856,0.02946623
55000900200040,2020-10-08,0.0030440614,-0.004733696
55000900234607,2020-10-08,0.0021265952,-0.0017274916
55000900271031,2020-10-08,7.098876e-06,0.0029307813
55000900029608,2020-10-09,0.021910552,0.015655514
55000900061097,2020-10-09,0.41908863,0.34859845
55000900098500,2020-10-09,0.002548512,-0.0013606335
55000900130309,2020-10-09,0.00071358454,-0.0031484133
55000900133417,2020-10-09,0.13733648,0.08215078
55000900167055,2020-10-09,0.040209856,0.022384135
55000900200040,2020-10-09,0.0030440614,-0.003438244
55000900234607,2020-10-09,0.0021265952,0.001082406
55000900271031,2020-10-09,6.715419e-06,-0.0015519165
55000900029608,2020-10-10,0.10943891,0.016121099
55000900061097,2020-10-10,0.97976124,0.39860222
55000900098500,2020-10-10,0.013025729,-0.0076637687
55000900130309,2020-10-10,0.009036615,-0.0012799462
55000900133417,2020-10-10,0.3228115,0.10604882
55000900167055,2020-10-10,0.13507113,0.037170097
55000900200040,2020-10-10,0.018769242,-0.0025308647
55000900234607,2020-10-10,0.011327368,-0.0048994664
55000900271031,2020-10-10,0.00035693974,0.0037960643
55000900029608,2020-10-11,0.137647,0.015287975
55000900061097,2020-10-11,1.1128503,0.3972022
55000900098500,2020-10-11,0.01132672,-0.00861246
55000900130309,2020-10-11,0.010294669,-0.0013564371
55000900133417,2020-10-11,0.39643523,0.11074628
55000900167055,2020-10-11,0.11751472,0.041848905
55000900200040,2020-10-11,0.014986976,-0.0015711387
55000900234607,2020-10-11,0.010295083,-0.0046603484
55000900271031,2020-10-11,0.00025307198,0.006085521
55000900029608,2020-10-12,0.20239604,0.018057397
55000900061097,2020-10-12,1.353543,0.52653384
55000900098500,2020-10-12,0.014441568,-0.0077702883
55000900130309,2020-10-12,0.010244309,0.0031645235
55000900133417,2020-10-12,0.60597956,0.12629162
55000900167055,2020-10-12,0.17301564,0.05213479
55000900200040,2020-10-12,0.014357438,0.00014569554
55000900234607,2020-10-12,0.009666606,0.0018404688
55000900271031,2020-10-12,0.000350303,0.0071933907
55000900029608,2020-10-13,0.28926268,0.17198467
55000900061097,2020-10-13,1.4441568,2.327114
55000900098500,2020-10-13,0.015007904,0.0018266974
55000900130309,2020-10-13,0.018454138,0.050234284
55000900133417,2020-10-13,0.7475635,0.40424863
55000900167055,2020-10-13,0.17896219,0.24589762
55000900200040,2020-10-13,0.026984796,0.037975255
55000900234607,2020-10-13,0.016624348,0.031930584
55000900271031,2020-10-13,0.00041908934,0.012792045
55000900029608,2020-10-14,0.14650339,0.168151
55000900061097,2020-10-14,1.1213453,1.9926299
55000900098500,2020-10-14,0.010477217,0.0033718406
55000900130309,2020-10-14,0.007625049,0.048679803
55000900133417,2020-10-14,0.4559005,0.46312734
55000900167055,2020-10-14,0.12006323,0.20711288
55000900200040,2020-10-14,0.008201631,0.04182287
55000900234607,2020-10-14,0.008169991,0.029344229
55000900271031,2020-10-14,0.00016858356,0.010364708
55000900029608,2020-10-15,0.08625007,0.09182707
55000900061097,2020-10-15,0.8041971,1.1223477
55000900098500,2020-10-15,0.0070792004,-0.00037401996
55000900130309,2020-10-15,0.0038132174,0.0073170373
55000900133417,2020-10-15,0.28883138,0.3934266
55000900167055,2020-10-15,0.080136545,0.112247385
55000900200040,2020-10-15,0.0055382643,0.007923451
55000900234607,2020-10-15,0.0051206597,0.010697868
55000900271031,2020-10-15,8.522584e-05,0.014152931
55000900029608,2020-10-16,0.06239883,0.26482666
55000900061097,2020-10-16,0.67960316,2.3552985
55000900098500,2020-10-16,0.0059465286,0.003621347
55000900130309,2020-10-16,0.0025593317,0.035068072
55000900133417,2020-10-16,0.23757796,0.67297196
55000900167055,2020-10-16,0.06569497,0.25949118
55000900200040,2020-10-16,0.004730084,0.039404567
55000900234607,2020-10-16,0.004155114,0.019930981
55000900271031,2020-10-16,5.7872556e-05,0.00402816
55000900029608,2020-10-17,0.051312093,0.06927312
55000900061097,2020-10-17,0.62580127,0.88634264
55000900098500,2020-10-17,0.0053801923,0.0014058502
55000900130309,2020-10-17,0.0019936338,0.0013926441
55000900133417,2020-10-17,0.21096016,0.30853546
55000900167055,2020-10-17,0.05804944,0.084091924
55000900200040,2020-10-17,0.004329272,-0.0020143266
55000900234607,2020-10-17,0.003719182,0.007662939
55000900271031,2020-10-17,4.7273403e-05,0.007150138
55000900029608,2020-10-18,0.044985443,0.050447833
55000900061097,2020-10-18,0.5804944,0.7631851
55000900098500,2020-10-18,0.0048138564,0.0061652884
55000900130309,2020-10-18,0.0017462744,0.0031273775
55000900133417,2020-10-18,0.19680175,0.23166534
55000900167055,2020-10-18,0.052952416,0.074974254
55000900200040,2020-10-18,0.004024768,0.005190232
55000900234607,2020-10-18,0.0034613218,0.004858475
55000900271031,2020-10-18,4.076446e-05,-0.0028432158
55000900029608,2020-10-19,0.041452616,0.042949546
55000900061097,2020-10-19,0.56067264,0.65241677
55000900098500,2020-10-19,0.0045306883,0.0015479709
55000900130309,2020-10-19,0.0015038016,0.0019577248
55000900133417,2020-10-19,0.18915622,0.22188142
55000900167055,2020-10-19,0.04983757,0.07715345
55000900200040,2020-10-19,0.0039473684,0.00090550253
55000900234607,2020-10-19,0.0032348656,0.002812358
55000900271031,2020-10-19,3.6575926e-05,0.0076125036
55000900029608,2020-10-20,0.038228728,0.041802928
55000900061097,2020-10-20,0.5436826,0.6121932
55000900098500,2020-10-20,0.0042475206,0.0015694696
55000900130309,2020-10-20,0.0013633774,0.0014949465
55000900133417,2020-10-20,0.18151069,0.23343305
55000900167055,2020-10-20,0.046439555,0.07940861
55000900200040,2020-10-20,0.0038480826,-0.00037025136
55000900234607,2020-10-20,0.0023244887,0.0022484756
55000900029021,2020-10-21,0.00016140603,-0.007825061
55000900029608,2020-10-21,0.035965443,0.05330632
55000900061097,2020-10-21,0.5266925,0.63671786
55000900098500,2020-10-21,0.0042475206,-0.0027969964
55000900130309,2020-10-21,0.0013194373,0.0061081513
55000900133417,2020-10-21,0.17613049,0.2838683
55000900167055,2020-10-21,0.04389104,0.09109067
55000900200040,2020-10-21,0.003718002,0.004604889
55000900234607,2020-10-21,0.0021263005,0.004830535
55000900271031,2020-10-21,2.8965775e-05,0.014317795
55000900029021,2020-10-22,0.00015878082,-0.011793711
55000900029608,2020-10-22,0.034338407,0.04049741
55000900061097,2020-10-22,0.5125341,0.57510364
55000900098500,2020-10-22,0.0039643524,0.0014045893
55000900130309,2020-10-22,0.0013379119,0.0029686599
55000900133417,2020-10-22,0.17103347,0.23998298
55000900167055,2020-10-22,0.04105936,0.080111004
55000900167704,2020-10-22,8.778223e-05,0.03191062
55000900200040,2020-10-22,0.003718002,0.001390529
55000900234607,2020-10-22,0.002027388,0.00055190874
55000900271031,2020-10-22,2.5485162e-05,0.013347997
55000900029021,2020-10-23,0.00015886931,-0.025476055
55000900029608,2020-10-23,0.033213794,0.037042294
55000900061097,2020-10-23,0.5097024,0.55853736
55000900098500,2020-10-23,0.0039643524,-0.00036620718
55000900130309,2020-10-23,0.0013591595,0.0033100857
55000900133417,2020-10-23,0.1699008,0.22550175
55000900167055,2020-10-23,0.040209856,0.07226058
55000900167704,2020-10-23,9.5992145e-05,0.025785936
55000900200040,2020-10-23,0.0038273663,0.00077660347
55000900234607,2020-10-23,0.0021358475,-0.00025122808
55000900271031,2020-10-23,2.7048487e-05,-0.009757358
55000900029021,2020-10-24,0.0001924169,-0.004555835
55000900029608,2020-10-24,0.045563478,0.041197784
55000900061097,2020-10-24,0.5804944,0.5977821
55000900098500,2020-10-24,0.0053801923,-0.002708705
55000900130309,2020-10-24,0.002994369,0.0028997192
55000900133417,2020-10-24,0.18094435,0.24186535
55000900167055,2020-10-24,0.047289055,0.07077962
55000900167704,2020-10-24,0.00013760218,-0.017004995
55000900200040,2020-10-24,0.005192219,-0.0031622944
55000900234607,2020-10-24,0.0030957786,-0.0007916794
55000900271031,2020-10-24,5.1619252e-05,0.005732877
55000900029021,2020-10-25,0.00016580103,0.0067308494
55000900029608,2020-10-25,0.035916675,0.023471856
55000900061097,2020-10-25,0.55500925,0.5418851
55000900098500,2020-10-25,0.0042475206,0.0006363516
55000900130309,2020-10-25,0.001761475,0.0020290497
55000900133417,2020-10-25,0.1707503,0.1966273
55000900167055,2020-10-25,0.03879402,0.056455802
55000900167704,2020-10-25,0.00023668165,0.021079758
55000900200040,2020-10-25,0.0039533465,-0.0014832148
55000900234607,2020-10-25,0.002050887,-0.0020944083
55000900271031,2020-10-25,3.4403005e-05,-0.0037413964
55000900029021,2020-10-26,0.00015674555,0.021979986
55000900029608,2020-10-26,0.034695413,0.05399098
55000900061097,2020-10-26,0.5493459,0.7372664
55000900098500,2020-10-26,0.0039643524,0.006615405
55000900130309,2020-10-26,0.0014076522,0.016835077
55000900133417,2020-10-26,0.16650279,0.24366237
55000900167055,2020-10-26,0.035962336,0.096559525
55000900167704,2020-10-26,0.00028741598,0.035248917
55000900200040,2020-10-26,0.0037381584,0.010616687
55000900234607,2020-10-26,0.0019155757,0.009318305
55000900271029,2020-10-26,0.00296761,0.07058856
55000900271031,2020-10-26,3.9643586e-05,0.00079010706
55000900029021,2020-10-27,0.00015291097,-0.0072775725
55000900029608,2020-10-27,0.03309217,0.053195536
55000900061097,2020-10-27,0.5408509,0.7071717
55000900098500,2020-10-27,0.0039643524,-0.00069901865
55000900130309,2020-10-27,0.0012899406,0.0054471088
55000900133417,2020-10-27,0.16593644,0.25453267
55000900167055,2020-10-27,0.03511283,0.08587022
55000900167704,2020-10-27,0.00029878205,0.009237769
55000900200040,2020-10-27,0.0034648317,-0.0010252811
55000900201811,2020-10-27,0.0033951902,0.2029276
55000900234607,2020-10-27,0.001848343,-0.004252185
55000900271031,2020-10-27,3.8021266e-05,0.0010631256
55000900029021,2020-10-28,0.0001445929,-0.0015591546
55000900029608,2020-10-28,0.031466506,0.019192975
55000900061097,2020-10-28,0.5266925,0.5753584
55000900098500,2020-10-28,0.0042475206,0.0053941323
55000900130309,2020-10-28,0.0011804685,-0.0076843076
55000900133417,2020-10-28,0.16423744,0.20171008
55000900167055,2020-10-28,0.0345465,0.040908575
55000900167704,2020-10-28,0.0002622356,0.00015419793
55000900200040,2020-10-28,0.002724897,-0.0052254396
55000900234607,2020-10-28,0.0017924564,-0.010466442
55000900029608,2020-10-29,0.03016285,0.018119922
55000900061097,2020-10-29,0.5181975,0.47803736
55000900130309,2020-10-29,0.0010711044,-0.005088774
55000900133417,2020-10-29,0.16027309,0.13302211
55000900167055,2020-10-29,0.03398016,0.039863646
55000900200040,2020-10-29,0.0027273549,-0.005945576
55000900234607,2020-10-29,0.0017924564,-0.010826336
55000900029021,2020-10-30,0.00014402263,0.003974556
55000900029608,2020-10-30,0.029267231,0.036969215
55000900061097,2020-10-30,0.5097024,0.5479456
55000900098500,2020-10-30,0.0045306883,0.0035729946
55000900130309,2020-10-30,0.0010165748,0.0037257057
55000900133417,2020-10-30,0.15800774,0.17615932
55000900167055,2020-10-30,0.033696994,0.065186225
55000900167704,2020-10-30,7.928717e-05,0.0131902145
55000900234607,2020-10-30,0.001730297,-0.0020681475
55000900271031,2020-10-30,0.00018468878,-0.00053648785
55000900029021,2020-10-31,0.00015291097,-0.0070929867
55000900029608,2020-10-31,0.029111292,0.03184984
55000900061097,2020-10-31,0.5097024,0.4726529
55000900098500,2020-10-31,0.0048138564,0.004348201
55000900130309,2020-10-31,0.0010171648,0.0004853927
55000900133417,2020-10-31,0.15545924,0.14298718
55000900167055,2020-10-31,0.033696994,0.04983344
55000900167704,2020-10-31,7.928717e-05,0.011947507
55000900200040,2020-10-31,0.0027261258,-0.00025371596
55000900234607,2020-10-31,0.0017103376,-0.0039460934
55000900271031,2020-10-31,0.00019196462,-0.0032894146
55000900029021,2020-11-01,0.00014942052,0.011427446
55000900029608,2020-11-01,0.028196009,0.039036933
55000900061097,2020-11-01,0.495544,0.51095533
55000900098500,2020-11-01,0.0048138564,-0.020563796
55000900130309,2020-11-01,0.00096702034,0.0050491067
55000900133417,2020-11-01,0.15234439,0.13599175
55000900167055,2020-11-01,0.033130657,0.051674068
55000900167704,2020-11-01,7.928717e-05,0.012486189
55000900200040,2020-11-01,0.0027298129,0.0017916162
55000900234607,2020-11-01,0.0016932294,-0.0021199693
55000900271031,2020-11-01,0.0001777767,-0.017309394
55000900029021,2020-11-02,0.00013863455,0.004985399
55000900029608,2020-11-02,0.027618758,0.047056694
55000900061097,2020-11-02,0.4927123,0.5970137
55000900098500,2020-11-02,0.0050970246,-0.008202193
55000900130309,2020-11-02,0.00093728764,0.009636512
55000900133417,2020-11-02,0.14979587,0.19170661
55000900167055,2020-11-02,0.03256432,0.0657651
55000900167704,2020-11-02,7.736005e-05,0.01319894
55000900200040,2020-11-02,0.0027352206,-0.0024063606
55000900234607,2020-11-02,0.0016282187,0.0021481644
55000900271031,2020-11-02,0.00016876054,-0.002834048
55000900029021,2020-11-03,0.00013521295,-0.002995514
55000900029608,2020-11-03,0.026874654,0.025753293
55000900061097,2020-11-03,0.4813856,0.50562775
55000900098500,2020-11-03,0.0050970246,0.006185334
55000900130309,2020-11-03,0.00093728764,-0.0012785918
55000900133417,2020-11-03,0.14724736,0.13775705
55000900167055,2020-11-03,0.032281153,0.048054878
55000900167704,2020-11-03,6.870768e-05,0.007598728
55000900200040,2020-11-03,0.0027418574,0.0037251073
55000900234607,2020-11-03,0.001610324,-0.002960831
55000900271031,2020-11-03,0.00016140603,-0.003139961
55000900029021,2020-11-04,0.0001302575,-0.008872413
55000900029608,2020-11-04,0.026278034,0.024587564
55000900061097,2020-11-04,0.47855392,0.42039686
55000900098500,2020-11-04,0.0053801923,0.0066457647
55000900130309,2020-11-04,0.0008808506,-0.0075679743
55000900133417,2020-11-04,0.14668103,0.10205173
55000900167055,2020-11-04,0.03284749,0.02740283
55000900167704,2020-11-04,7.065447e-05,0.004410671
55000900200040,2020-11-04,0.0027595556,-0.0002775068
55000900234607,2020-11-04,0.0015849962,-0.0030302408
55000900271031,2020-11-04,0.00016600752,-0.0015567221
55000900029021,2020-11-05,0.0002476249,-0.005192761
55000900029608,2020-11-05,0.039378412,0.028318493
55000900061097,2020-11-05,0.5380192,0.4005242
55000900098500,2020-11-05,0.009061377,0.0022471165
55000900130309,2020-11-05,0.001710731,-0.006116158
55000900133417,2020-11-05,0.17556417,0.09627374
55000900167055,2020-11-05,0.04389104,0.02664301
55000900167704,2020-11-05,0.00014796536,0.0030566023
55000900200040,2020-11-05,0.0051602344,0.0012962905
55000900234607,2020-11-05,0.0026990676,-0.0018411705
55000900271031,2020-11-05,0.0005708499,0.00034773062
55000900029021,2020-11-06,0.0004502379,-0.0023756486
55000900029608,2020-11-06,0.09676604,0.040746376
55000900061097,2020-11-06,0.98259294,0.5398178
55000900098500,2020-11-06,0.016706912,-0.0057212883
55000900130309,2020-11-06,0.0066007166,0.0068983096
55000900133417,2020-11-06,0.3511283,0.14600569
55000900167055,2020-11-06,0.13337213,0.05247904
55000900167704,2020-11-06,0.0003053795,-0.00053252623
55000900200040,2020-11-06,0.009792861,0.008111487
55000900234607,2020-11-06,0.005251242,-0.000610102
55000900271031,2020-11-06,0.0015296604,0.003196872
55000900029021,2020-11-07,0.00024691698,-0.00474846
55000900029608,2020-11-07,0.061754618,0.05180027
55000900061097,2020-11-07,0.7985338,0.62325317
55000900098500,2020-11-07,0.012459393,-0.008293885
55000900130309,2020-11-07,0.0037937104,0.015476681
55000900133417,2020-11-07,0.24635616,0.18682817
55000900167055,2020-11-07,0.100241475,0.071410544
55000900167704,2020-11-07,0.00015000063,-0.005240915
55000900200040,2020-11-07,0.0058475276,0.013979921
55000900234607,2020-11-07,0.0030896238,0.004913265
55000900271031,2020-11-07,0.00074371055,0.000850029
55000900029021,2020-11-08,0.00020455972,-0.0016730684
55000900029608,2020-11-08,0.049768824,0.17041004
55000900061097,2020-11-08,0.72207844,1.6503966
55000900098500,2020-11-08,0.010760386,-0.00016814918
55000900130309,2020-11-08,0.00455273,0.039245628
55000900133417,2020-11-08,0.20897798,0.34747535
55000900167055,2020-11-08,0.087782085,0.17791328
55000900167704,2020-11-08,0.00011447675,-0.001203613
55000900200040,2020-11-08,0.0059047807,0.038622286
55000900234607,2020-11-08,0.0030946282,0.020192103
55000900271031,2020-11-08,0.000520381,-0.0034468942
55000900029021,2020-11-09,0.00018727465,-0.0041413927
55000900029608,2020-11-09,0.04341828,0.108948156
55000900061097,2020-11-09,0.6484547,1.1461197
55000900098500,2020-11-09,0.0099108815,-0.0007353365
55000900130309,2020-11-09,0.0029905345,0.021801103
55000900133417,2020-11-09,0.18858989,0.30473185
55000900167055,2020-11-09,0.077021696,0.120508835
55000900167704,2020-11-09,0.000103051694,-0.005709895
55000900200040,2020-11-09,0.004446699,0.016378231
55000900234607,2020-11-09,0.002323889,0.011436655
55000900271031,2020-11-09,0.00042916735,-0.0016725329
55000900029021,2020-11-10,0.00028200826,-0.0058260905
55000900029608,2020-11-10,0.076674946,0.0937895
55000900061097,2020-11-10,0.857999,1.1264665
55000900098500,2020-11-10,0.017556416,0.0031498442
55000900130309,2020-11-10,0.016742738,0.022961177
55000900133417,2020-11-10,0.22766706,0.27850357
55000900167055,2020-11-10,0.11978007,0.11831021
55000900167704,2020-11-10,0.00032002953,-0.0069925836
55000900200040,2020-11-10,0.020375809,0.012972212
55000900234607,2020-11-10,0.010580159,0.007948114
55000900271031,2020-11-10,0.00047966576,-0.0033672962
55000900029021,2020-11-11,0.00040833288,-0.008053979
55000900029608,2020-11-11,0.08800345,0.040755264
55000900061097,2020-11-11,1.0335631,0.7252794
55000900098500,2020-11-11,0.020388097,0.004411539
55000900130309,2020-11-11,0.016602708,0.001924162
55000900133417,2020-11-11,0.23531261,0.18603636
55000900167055,2020-11-11,0.14668103,0.058515895
55000900167704,2020-11-11,0.00035852275,-0.0051538404
55000900200040,2020-11-11,0.012480533,-0.0025440187
55000900234607,2020-11-11,0.009438497,-0.003991614
55000900271031,2020-11-11,0.00078215456,-0.009893204
55000900029021,2020-11-12,0.00030271497,-0.008195351
55000900029608,2020-11-12,0.06596833,0.04416832
55000900061097,2020-11-12,0.81269217,0.7681581
55000900098500,2020-11-12,0.016706912,0.007883126
55000900130309,2020-11-12,0.007614902,0.004435636
55000900133417,2020-11-12,0.20133245,0.18707941
55000900167055,2020-11-12,0.10788701,0.063299015
55000900167704,2020-11-12,0.00018966389,-0.005637501
55000900200040,2020-11-12,0.0065762047,-0.004286148
55000900234607,2020-11-12,0.005627551,-0.0030657756
55000900271031,2020-11-12,0.00061820203,-0.009950949
55000900029021,2020-11-13,0.0031848096,0.013495461
55000900029608,2020-11-13,0.59420127,0.24830106
55000900061097,2020-11-13,4.4457374,2.6701276
55000900098500,2020-11-13,0.07277417,0.042845886
55000900130309,2020-11-13,0.076998614,0.098292574
55000900133417,2020-11-13,2.2879972,0.46318176
55000900167055,2020-11-13,0.787207,0.33503467
55000900167704,2020-11-13,0.0021417665,0.008658896
55000900200040,2020-11-13,0.08309688,0.0791755
55000900234607,2020-11-13,0.046790138,0.05343646
55000900271031,2020-11-13,0.009147739,0.0101928245
55000900029021,2020-11-14,0.0036007625,-0.007277103
55000900029608,2020-11-14,0.61262447,0.08923123
55000900061097,2020-11-14,5.0687075,1.0916175
55000900098500,2020-11-14,0.099675134,0.010392765
55000900130309,2020-11-14,0.105273135,0.017496465
55000900133417,2020-11-14,1.9821761,0.26475853
55000900167055,2020-11-14,1.0109098,0.11176491
55000900167704,2020-11-14,0.002894503,-0.0087181395
55000900200040,2020-11-14,0.09408475,0.009025391
55000900234607,2020-11-14,0.06050801,0.0037175543
55000900271031,2020-11-14,0.009798141,-0.0065199747
55000900029021,2020-11-15,0.007178164,-0.006211115
55000900029608,2020-11-15,1.8676213,0.12736289
55000900061097,2020-11-15,12.969093,1.6523051
55000900098500,2020-11-15,0.18377602,0.021139912
55000900130309,2020-11-15,0.18337354,0.041311342
55000900167704,2020-11-15,0.006229756,-0.0060813534
55000900200040,2020-11-15,0.13865681,0.016268216
55000900234607,2020-11-15,0.1170476,0.016621789
55000900271031,2020-11-15,0.021197587,-0.0061049466
55000900029021,2020-11-16,0.0026682336,0.041984018
55000900029608,2020-11-16,0.9394134,0.63767827
55000900061097,2020-11-16,6.4562297,6.841885
55000900098500,2020-11-16,0.09457811,0.08688825
55000900130309,2020-11-16,0.04330752,0.15239868
55000900133417,2020-11-16,4.4174204,1.3178066
55000900167055,2020-11-16,1.5064538,0.70427686
55000900167704,2020-11-16,0.00297673,0.0395938
55000900200040,2020-11-16,0.050401084,0.15234116
55000900234607,2020-11-16,0.048352588,0.09298358
55000900271031,2020-11-16,0.011563835,0.029024772
55000900029021,2020-11-17,0.0018949084,-0.0028845447
55000900029608,2020-11-17,0.81745833,0.5345466
55000900061097,2020-11-17,5.323558,5.950445
55000900098500,2020-11-17,0.0778712,0.058782633
55000900130309,2020-11-17,0.026721852,0.09738243
55000900133417,2020-11-17,3.4829667,1.0810869
55000900167055,2020-11-17,1.3167312,0.60723275
55000900167704,2020-11-17,0.0022249175,0.02126903
55000900200040,2020-11-17,0.037659638,0.08769245
55000900234607,2020-11-17,0.030880103,0.037867952
55000900271031,2020-11-17,0.009902226,-0.001940284
55000900029021,2020-11-18,0.0025935972,0.004548518
55000900029608,2020-11-18,0.73555785,0.9369977
55000900061097,2020-11-18,5.4651423,8.049838
55000900098500,2020-11-18,0.085516736,0.07610797
55000900130309,2020-11-18,0.040251847,0.10208176
55000900133417,2020-11-18,3.1431646,0.5804954
55000900167055,2020-11-18,1.7358197,0.3937112
55000900167704,2020-11-18,0.0024799856,0.0042878306
55000900200040,2020-11-18,0.04741379,0.0923082
55000900234607,2020-11-18,0.03194516,0.06006569
55000900271031,2020-11-18,0.010571162,0.012717129
55000900029021,2020-11-19,0.002569174,0.005985077
55000900029608,2020-11-19,0.58251816,0.645198
55000900061097,2020-11-19,5.521776,4.9999957
55000900098500,2020-11-19,0.09457811,0.04931314
55000900130309,2020-11-19,0.0694182,0.058875013
55000900133417,2020-11-19,2.256849,1.8110927
55000900167055,2020-11-19,1.8462552,0.6240884
55000900167704,2020-11-19,0.0029171957,0.0032909345
55000900200040,2020-11-19,0.07799035,0.056669045
55000900234607,2020-11-19,0.04470431,0.040568143
55000900271031,2020-11-19,0.009315762,0.012325058
55000900029021,2020-11-20,0.0021619322,0.0062496294
55000900029608,2020-11-20,0.42495948,0.71119344
55000900061097,2020-11-20,4.3324704,5.7078476
55000900098500,2020-11-20,0.084667236,0.06905961
55000900130309,2020-11-20,0.035790686,0.07256355
55000900133417,2020-11-20,1.5064538,1.9134657
55000900167055,2020-11-20,1.3422164,0.78072757
55000900167704,2020-11-20,0.0030654364,0.0062005976
55000900200040,2020-11-20,0.045341928,0.07567224
55000900234607,2020-11-20,0.032377247,0.04242159
55000900271031,2020-11-20,0.007636042,0.014063574
55000900029021,2020-11-21,0.0016466837,0.00962972
55000900029608,2020-11-21,0.31336278,0.664672
55000900061097,2020-11-21,3.369699,7.065981
55000900098500,2020-11-21,0.071641505,0.09582475
55000900130309,2020-11-21,0.021324296,0.102537446
55000900133417,2020-11-21,1.1128503,1.803726
55000900167055,2020-11-21,0.9259594,1.1243633
55000900167704,2020-11-21,0.0025972351,0.006174779
55000900200040,2020-11-21,0.033583634,0.109204
55000900234607,2020-11-21,0.022281406,0.06475465
55000900271031,2020-11-21,0.006340054,0.01740602
55000900029021,2020-11-22,0.0013462399,-0.0059318743
55000900029608,2020-11-22,0.25972536,0.45691872
55000900061097,2020-11-22,2.8118582,5.020174
55000900098500,2020-11-22,0.06229696,0.06188385
55000900130309,2020-11-22,0.01583236,0.0741034
55000900133417,2020-11-22,0.89764255,1.3362321
55000900167055,2020-11-22,0.6824349,0.9742856
55000900167704,2020-11-22,0.0022038177,0.002030244
55000900200040,2020-11-22,0.02616162,0.078786045
55000900234607,2020-11-22,0.017468564,0.043537255
55000900271031,2020-11-22,0.0052101035,0.005898882
55000900029021,2020-11-23,0.0012049605,-0.0054521286
55000900029608,2020-11-23,0.23431906,0.27537805
55000900061097,2020-11-23,2.4720569,3.1077547
55000900098500,2020-11-23,0.055784095,0.031673387
55000900130309,2020-11-23,0.0132596195,0.035760768
55000900133417,2020-11-23,0.770217,0.8605519
55000900167055,2020-11-23,0.5719994,0.5921499
55000900167704,2020-11-23,0.001961148,-0.0010895266
55000900200040,2020-11-23,0.02190894,0.042668685
55000900234607,2020-11-23,0.014721477,0.02127498
55000900271031,2020-11-23,0.004500481,-0.00011861738
55000900029021,2020-11-24,0.0012018143,-0.010938698
55000900029608,2020-11-24,0.22162268,0.22551104
55000900061097,2020-11-24,2.2455223,2.4654465
55000900098500,2020-11-24,0.051536575,0.04283078
55000900130309,2020-11-24,0.012094539,0.020026408
55000900133417,2020-11-24,0.6937616,0.75522834
55000900167055,2020-11-24,0.5125341,0.43404648
55000900167704,2020-11-24,0.0017723889,-0.0054896446
55000900200040,2020-11-24,0.020307377,0.0281717
55000900234607,2020-11-24,0.01332995,0.012465406
55000900271031,2020-11-24,0.00405922,-0.0063446723
55000900029021,2020-11-25,0.0013148162,-0.0038464593
55000900029608,2020-11-25,0.23921365,0.22355992
55000900061097,2020-11-25,2.5683339,2.4582896
55000900098500,2020-11-25,0.05521776,0.03839178
55000900130309,2020-11-25,0.03531552,0.0284157
55000900133417,2020-11-25,0.7588903,0.744707
55000900167055,2020-11-25,0.5691677,0.42601165
55000900167704,2020-11-25,0.0017938329,-0.0038745508
55000900200040,2020-11-25,0.041777723,0.030071674
55000900234607,2020-11-25,0.022242017,0.01915967
55000900271031,2020-11-25,0.004001043,0.0014657791
55000900029021,2020-11-26,0.0013535059,-0.0028126803
55000900029608,2020-11-26,0.23221888,0.27469003
55000900061097,2020-11-26,2.644789,2.968212
55000900098500,2020-11-26,0.05521776,0.03054239
55000900130309,2020-11-26,0.051293258,0.0533358
55000900133417,2020-11-26,0.67960316,0.830884
55000900167055,2020-11-26,0.5691677,0.53755045
55000900167704,2020-11-26,0.0019129899,-0.0049798465
55000900200040,2020-11-26,0.04353789,0.04979357
55000900234607,2020-11-26,0.026601546,0.034722563
55000900271031,2020-11-26,0.004106985,0.009017806
55000900029021,2020-11-27,0.0014583176,0.0013105099
55000900029608,2020-11-27,0.21424793,0.35311344
55000900061097,2020-11-27,2.4409082,3.9928324
55000900098500,2020-11-27,0.052952416,0.043189414
55000900130309,2020-11-27,0.028939474,0.072228886
55000900133417,2020-11-27,0.62013793,0.90712327
55000900167055,2020-11-27,0.5238608,0.6535167
55000900167704,2020-11-27,0.001968021,0.0019225496
55000900200040,2020-11-27,0.031683218,0.058867685
55000900234607,2020-11-27,0.020743467,0.0476907
55000900271031,2020-11-27,0.004354748,0.01124812
55000900029021,2020-11-28,0.0013872404,0.009568121
55000900029608,2020-11-28,0.19763193,0.39456558
55000900061097,2020-11-28,2.2341955,5.0359726
55000900098500,2020-11-28,0.04983757,0.07215847
55000900130309,2020-11-28,0.020218907,0.102257624
55000900133417,2020-11-28,0.5776627,0.9818934
55000900167055,2020-11-28,0.4728906,0.8295905
55000900167704,2020-11-28,0.001968021,0.0076360395
55000900200040,2020-11-28,0.024941312,0.09225707
55000900234607,2020-11-28,0.01654344,0.07183086
55000900271031,2020-11-28,0.0041125207,0.02102573
55000900029021,2020-11-29,0.0012863224,-0.0028977385
55000900029608,2020-11-29,0.182975,0.21371087
55000900061097,2020-11-29,2.0586314,2.5345516
55000900098500,2020-11-29,0.047005888,0.02276727
55000900130309,2020-11-29,0.015805246,0.033101693
55000900133417,2020-11-29,0.5380192,0.6647882
55000900167055,2020-11-29,0.43324703,0.40350953
55000900167704,2020-11-29,0.0019348076,0.0005778737
55000900200040,2020-11-29,0.021298517,0.028524403
55000900234607,2020-11-29,0.01421253,0.017753854
55000900271031,2020-11-29,0.0038961426,0.005594538
55000900029021,2020-11-30,0.001660085,-0.010021465
55000900029608,2020-11-30,0.1963677,0.15657902
55000900061097,2020-11-30,2.1803935,1.924444
55000900098500,2020-11-30,0.051536575,0.025777422
55000900130309,2020-11-30,0.021195918,0.016528249
55000900133417,2020-11-30,0.57483107,0.5282756
55000900167055,2020-11-30,0.46439552,0.28201216
55000900167704,2020-11-30,0.002112083,-0.005763172
55000900200040,2020-11-30,0.028033808,0.017231742
55000900234607,2020-11-30,0.015800841,0.0072626867
55000900271031,2020-11-30,0.0046599405,-0.0071891933
55000900029021,2020-12-01,0.0019448659,0.0026075991
55000900029608,2020-12-01,0.19192351,0.16584073
55000900061097,2020-12-01,2.1350865,1.8276639
55000900098500,2020-12-01,0.050403904,0.015996046
55000900130309,2020-12-01,0.022431199,0.023791114
55000900133417,2020-12-01,0.55500925,0.5333909
55000900167055,2020-12-01,0.45023713,0.25916848
55000900167704,2020-12-01,0.002140744,-0.0037629814
55000900200040,2020-12-01,0.024029303,0.019713474
55000900234607,2020-12-01,0.014099076,0.013867558
55000900271031,2020-12-01,0.005024746,0.0013436717
55000900029021,2020-12-02,0.0015962739,-0.00056313135
55000900029608,2020-12-02,0.17826733,0.18096901
55000900061097,2020-12-02,2.0019977,1.9806372
55000900098500,2020-12-02,0.047289055,0.025044693
55000900133417,2020-12-02,0.5210291,0.55884933
55000900167704,2020-12-02,0.0021183558,-0.002368944
55000900200040,2020-12-02,0.020653687,0.017110843
55000900234607,2020-12-02,0.01275433,0.015157481
55000900271031,2020-12-02,0.0044144196,-0.0010511003
55000900029021,2020-12-03,0.0013069209,0.0021842734
55000900029608,2020-12-03,0.16504955,0.32338738
55000900061097,2020-12-03,1.8490871,3.2004354
55000900130309,2020-12-03,0.014271612,0.06804962
55000900167704,2020-12-03,0.0020712004,0.0016181471
55000900200040,2020-12-03,0.017718794,0.051991645
55000900234607,2020-12-03,0.0113889575,0.038310487
55000900271031,2020-12-03,0.003807092,0.009299265
55000900029021,2020-12-04,0.0011100105,-0.006189509
55000900029608,2020-12-04,0.15576233,0.17000492
55000900061097,2020-12-04,1.724493,1.9149342
55000900130309,2020-12-04,0.012299776,0.024803448
55000900167704,2020-12-04,0.0019464293,-0.0063184123
55000900200040,2020-12-04,0.0154817635,0.018944073
55000900234607,2020-12-04,0.0102975005,0.0069994866
55000900271031,2020-12-04,0.0033165812,-0.004621281
55000900029021,2020-12-05,0.0009823095,-0.014444421
55000900029608,2020-12-05,0.15239537,0.13802029
55000900061097,2020-12-05,1.6621962,1.588796
55000900130309,2020-12-05,0.011171822,0.027660629
55000900167704,2020-12-05,0.0018550582,-0.011326037
55000900200040,2020-12-05,0.014231537,0.0078418255
55000900234607,2020-12-05,0.009575677,-0.003160133
55000900271031,2020-12-05,0.0029568786,-0.008732468
55000900029021,2020-12-06,0.0011393991,-0.011764804
55000900029608,2020-12-06,0.22945948,0.14180353
55000900061097,2020-12-06,1.9906712,1.598128
55000900130309,2020-12-06,0.015976423,0.014652712
55000900167704,2020-12-06,0.0018987921,-0.010426571
55000900200040,2020-12-06,0.020564461,0.008966325
55000900234607,2020-12-06,0.011906085,0.0020395762
55000900271031,2020-12-06,0.0035729178,-0.006776976
55000900029021,2020-12-07,0.0010060052,-0.009775359
55000900029608,2020-12-07,0.19955885,0.12753926
55000900061097,2020-12-07,1.8575822,1.594011
55000900130309,2020-12-07,0.013815731,0.011352453
55000900167704,2020-12-07,0.001756736,-0.007456419
55000900200040,2020-12-07,0.0153736,0.008530276
55000900234607,2020-12-07,0.0097732665,-0.00082452485
55000900271031,2020-12-07,0.003059547,-0.0048889974
55000900029021,2020-12-08,0.0009169939,-0.009007378
55000900029608,2020-12-08,0.19458266,0.14754537
55000900061097,2020-12-08,1.795285,1.8593718
55000900130309,2020-12-08,0.0125035895,0.021995984
55000900167704,2020-12-08,0.0016749513,-0.0082018385
55000900200040,2020-12-08,0.013518876,0.013548251
55000900234607,2020-12-08,0.009334629,0.006612945
55000900271031,2020-12-08,0.0027377182,-0.0031925738
55000900029021,2020-12-09,0.000824738,-0.012924535
55000900029608,2020-12-09,0.21315664,0.23869929
55000900061097,2020-12-09,1.8972256,2.2345364
55000900130309,2020-12-09,0.011594058,0.032205757
55000900167704,2020-12-09,0.0015451954,-0.009551936
55000900200040,2020-12-09,0.0131159015,0.019683251
55000900234607,2020-12-09,0.009294534,0.012231978
55000900271031,2020-12-09,0.0025427449,-0.0021226162
55000900029021,2020-12-10,0.00078993186,-0.0074300626
55000900029608,2020-12-10,0.19525293,0.1380465
55000900061097,2020-12-10,1.8320969,1.6062882
55000900130309,2020-12-10,0.011312502,0.008368614
55000900167704,2020-12-10,0.0013777916,-0.0068957177
55000900200040,2020-12-10,0.013355356,0.0057864855
55000900234607,2020-12-10,0.009138486,-0.0013835201
55000900271031,2020-12-10,0.0024376085,-0.003939029
55000900029021,2020-12-11,0.00079581153,-0.005526529
55000900029608,2020-12-11,0.18067652,0.14792702
55000900061097,2020-12-11,1.8349286,1.8099449
55000900130309,2020-12-11,0.017018335,0.013529849
55000900167704,2020-12-11,0.001356377,-0.0057332153
55000900200040,2020-12-11,0.01843228,0.009261704
55000900234607,2020-12-11,0.010978973,0.0038410283
55000900271031,2020-12-11,0.0023740137,-0.0012977598
55000900029021,2020-12-12,0.0007742888,-0.0143023245
55000900029608,2020-12-12,0.16287084,0.14861073
55000900061097,2020-12-12,1.8066119,1.6224043
55000900130309,2020-12-12,0.022226818,0.0077760485
55000900167704,2020-12-12,0.0013362897,-0.011367037
55000900200040,2020-12-12,0.020031484,0.00315687
55000900234607,2020-12-12,0.01123645,-0.0017216827
55000900271031,2020-12-12,0.0023059256,-0.0074033807
55000900029021,2020-12-13,0.0015031133,-0.011046569
55000900029608,2020-12-13,0.22942476,0.19042443
55000900061097,2020-12-13,2.5739973,2.0778275
55000900130309,2020-12-13,0.063985154,0.028230518
55000900167704,2020-12-13,0.0018811236,-0.009860775
55000900200040,2020-12-13,0.054607566,0.013438073
55000900234607,2020-12-13,0.028027613,0.0071281516
55000900271031,2020-12-13,0.004091342,-0.0019111043
55000900029021,2020-12-14,0.001944109,-0.008728554
55000900029608,2020-12-14,0.2371121,0.2632445
55000900061097,2020-12-14,3.0865312,2.5883455
55000900130309,2020-12-14,0.0664085,0.0434017
55000900167704,2020-12-14,0.0020810426,-0.0053653913
55000900200040,2020-12-14,0.051303457,0.031847946
55000900234607,2020-12-14,0.033125423,0.015343288
55000900271031,2020-12-14,0.00468635,0.0063735032
55000900029021,2020-12-15,0.002697937,-0.012229399
55000900029608,2020-12-15,0.36562613,0.15507491
55000900061097,2020-12-15,3.3980157,1.9620641
55000900130309,2020-12-15,0.05616205,0.01986681
55000900167704,2020-12-15,0.0027475995,-0.009739459
55000900200040,2020-12-15,0.0538639,0.003976905
55000900234607,2020-12-15,0.03360438,0.0006549453
55000900271031,2020-12-15,0.0065388028,-0.005146606
55000900029021,2020-12-16,0.0053535164,-0.0015326269
55000900029608,2020-12-16,0.6333098,0.3733676
55000900061097,2020-12-16,4.95544,4.2504973
55000900130309,2020-12-16,0.07000817,0.08102911
55000900167704,2020-12-16,0.0055267015,0.0014053503
55000900200040,2020-12-16,0.070025355,0.056963824
55000900234607,2020-12-16,0.042591497,0.03646457
55000900271031,2020-12-16,0.013037154,0.010324262
55000900029021,2020-12-17,0.008915718,-0.008197701
55000900029608,2020-12-17,0.8867637,0.23219314
55000900061097,2020-12-17,7.7588024,2.9550955
55000900167704,2020-12-17,0.010888203,-0.006257998
55000900200040,2020-12-17,0.09291403,0.021826066
55000900234607,2020-12-17,0.057772268,0.010716129
55000900271031,2020-12-17,0.019809196,0.0008475086
55000900029021,2020-12-18,0.006215391,-0.0003344714
55000900029608,2020-12-18,0.6307708,0.41468602
55000900061097,2020-12-18,5.974845,4.3094635
55000900130309,2020-12-18,0.073682055,0.075893104
55000900167704,2020-12-18,0.009563328,-0.001998403
55000900200040,2020-12-18,0.07383281,0.057664283
55000900234607,2020-12-18,0.05057909,0.03625859
55000900271031,2020-12-18,0.015549694,0.008122753
55000900029021,2020-12-19,0.007015096,0.008254996
55000900029608,2020-12-19,1.0206555,0.67878056
55000900061097,2020-12-19,7.0508833,7.3081374
55000900130309,2020-12-19,0.07149211,0.1129308
55000900167704,2020-12-19,0.010036701,0.0041274475
55000900200040,2020-12-19,0.08576134,0.085391395
55000900234607,2020-12-19,0.054662783,0.055591624
55000900271031,2020-12-19,0.018531833,0.016076015
55000900029021,2020-12-20,0.04435306,0.0014695248
55000900029608,2020-12-20,4.078016,0.6178701
55000900061097,2020-12-20,31.148483,6.2952724
55000900130309,2020-12-20,0.51325136,0.10858791
55000900167704,2020-12-20,0.04943909,0.0005095446
55000900200040,2020-12-20,0.4206025,0.06748808
55000900234607,2020-12-20,0.26694098,0.042827252
55000900271031,2020-12-20,0.087161906,0.010510976
55000900029021,2020-12-21,0.037057433,-0.0012645505
55000900029608,2020-12-21,3.0215292,0.4991867
55000900061097,2020-12-21,25.060371,5.198959
55000900130309,2020-12-21,0.23473234,0.070287324
55000900167704,2020-12-21,0.04838822,0.0014400149
55000900200040,2020-12-21,0.28989798,0.05390505
55000900234607,2020-12-21,0.19878204,0.031033263
55000900271031,2020-12-21,0.060260728,0.0041329167
55000900029021,2020-12-22,0.020838622,0.026057944
55000900029608,2020-12-22,1.4517524,1.0205004
55000900061097,2020-12-22,14.3283,10.328619
55000900130309,2020-12-22,0.11089016,0.13080995
55000900167704,2020-12-22,0.028869774,0.025365368
55000900200040,2020-12-22,0.16810396,0.11951027
55000900234607,2020-12-22,0.10991328,0.07109179
55000900271031,2020-12-22,0.035349064,0.027344426
55000900029021,2020-12-23,0.012663245,0.04199054
55000900029608,2020-12-23,0.86515236,1.6265428
55000900061097,2020-12-23,9.259593,17.39914
55000900130309,2020-12-23,0.063752905,0.22031501
55000900167704,2020-12-23,0.019695733,0.061902836
55000900200040,2020-12-23,0.11155426,0.18687999
55000900234607,2020-12-23,0.06761888,0.10881057
55000900271031,2020-12-23,0.02332219,0.051145595
55000900029021,2020-12-24,0.009050045,0.029060593
55000900029608,2020-12-24,0.6030037,1.3652092
55000900061097,2020-12-24,6.8243484,13.196363
55000900130309,2020-12-24,0.041320816,0.1560569
55000900167704,2020-12-24,0.013783137,0.008545905
55000900200040,2020-12-24,0.07992376,0.16476022
55000900234607,2020-12-24,0.046813924,0.10138262
55000900271031,2020-12-24,0.017362818,0.04226878
55000900029021,2020-12-25,0.0066717053,-0.0075196074
55000900029608,2020-12-25,0.47216305,0.6567053
55000900061097,2020-12-25,5.5784097,7.0721216
55000900130309,2020-12-25,0.032627095,0.07172014
55000900167704,2020-12-25,0.010991794,0.0036820332
55000900200040,2020-12-25,0.06372962,0.090050675
55000900234607,2020-12-25,0.037327413,0.042688884
55000900271031,2020-12-25,0.013394734,0.0050706808
55000900029021,2020-12-26,0.0070533045,-0.008111853
55000900029608,2020-12-26,0.4408534,0.45878476
55000900061097,2020-12-26,5.9182115,4.748096
55000900130309,2020-12-26,0.057825223,0.04007321
55000900167704,2020-12-26,0.01014517,-0.0016452494
55000900200040,2020-12-26,0.081156924,0.062678255
55000900234607,2020-12-26,0.040748287,0.026186781
55000900271031,2020-12-26,0.013963863,-0.0024553258
55000900029021,2020-12-27,0.0064586997,-0.017581705
55000900029608,2020-12-27,0.36321312,0.35504037
55000900061097,2020-12-27,5.266925,3.6730292
55000900130309,2020-12-27,0.050906915,0.017904537
55000900167704,2020-12-27,0.009511718,-0.0068709156
55000900200040,2020-12-27,0.065482445,0.028888216
55000900234607,2020-12-27,0.03601596,0.008869461
55000900271031,2020-12-27,0.012222073,-0.010435794
55000900029021,2020-12-28,0.0055989097,0.017088495
55000900029608,2020-12-28,0.30273658,0.561762
55000900061097,2020-12-28,4.502371,6.4847274
55000900130309,2020-12-28,0.03520329,0.10246158
55000900167704,2020-12-28,0.009200675,0.01579406
55000900200040,2020-12-28,0.052163683,0.10419257
55000900234607,2020-12-28,0.030084124,0.07236775
55000900271031,2020-12-28,0.010423138,0.026266262
55000900029021,2020-12-29,0.0055840234,0.0045151305
55000900029608,2020-12-29,0.26065263,0.45555094
55000900061097,2020-12-29,3.8794014,5.675848
55000900130309,2020-12-29,0.026106343,0.08337178
55000900167704,2020-12-29,0.008212929,0.006969656
55000900200040,2020-12-29,0.043323603,0.08304986
55000900234607,2020-12-29,0.02473923,0.060711656
55000900271031,2020-12-29,0.008821269,0.017254904
55000900029021,2020-12-30,0.0049799997,-0.0007332221
55000900029608,2020-12-30,0.25367126,0.28146863
55000900061097,2020-12-30,3.822768,3.7535741
55000900130309,2020-12-30,0.034969047,0.036163334
55000900167704,2020-12-30,0.0073991236,0.002262335
55000900200040,2020-12-30,0.057618,0.04226766
55000900234607,2020-12-30,0.029731954,0.022535382
55000900271031,2020-12-30,0.0078036417,0.004670829
55000900029021,2020-12-31,0.006281611,-0.015425723
55000900029608,2020-12-31,0.50391746,0.22723684
55000900061097,2020-12-31,5.521776,2.7859375
55000900130309,2020-12-31,0.09927952,0.016259523
55000900167704,2020-12-31,0.008840452,-0.009997936
55000900200040,2020-12-31,0.09979139,0.020692503
55000900234607,2020-12-31,0.05109592,0.005884583
55000900271031,2020-12-31,0.012375003,-0.010412643
