site_id,target_date,true_wetdry,label_is_hobo,pred_wetdry_prob,issue_date,label_source
55000900029021,2020-09-11,1,1,0.9996784,2020-09-08,sensor
55000900029021,2020-09-12,1,1,0.99986804,2020-09-09,sensor
55000900029021,2020-09-13,1,1,0.9999101,2020-09-10,sensor
55000900029021,2020-09-14,1,1,0.99990475,2020-09-11,sensor
55000900029021,2020-09-15,1,1,0.9999043,2020-09-12,sensor
55000900029021,2020-09-16,1,1,0.9999025,2020-09-13,sensor
55000900029021,2020-09-17,1,1,0.99988985,2020-09-14,sensor
55000900029021,2020-09-18,1,1,0.9998442,2020-09-15,sensor
55000900029021,2020-09-19,1,1,0.999718,2020-09-16,sensor
55000900029021,2020-09-20,1,1,0.999686,2020-09-17,sensor
55000900029021,2020-09-21,1,1,0.99976856,2020-09-18,sensor
55000900029021,2020-09-22,1,1,0.9998073,2020-09-19,sensor
55000900029021,2020-09-23,1,1,0.99980253,2020-09-20,sensor
55000900029021,2020-09-24,1,1,0.9998159,2020-09-21,sensor
55000900029021,2020-09-25,1,1,0.99984694,2020-09-22,sensor
55000900029021,2020-09-26,1,1,0.99987304,2020-09-23,sensor
55000900029021,2020-09-27,1,1,0.999905,2020-09-24,sensor
55000900029021,2020-09-28,1,1,0.99988675,2020-09-25,sensor
55000900029021,2020-09-29,1,1,0.9999045,2020-09-26,sensor
55000900029021,2020-09-30,1,1,0.9998913,2020-09-27,sensor
55000900029021,2020-10-01,1,1,0.9999156,2020-09-28,sensor
55000900029021,2020-10-02,1,1,0.9999299,2020-09-29,sensor
55000900029021,2020-10-03,1,1,0.99992406,2020-09-30,sensor
55000900029021,2020-10-04,1,1,0.9999237,2020-10-01,sensor
55000900029021,2020-10-05,1,1,0.99991655,2020-10-02,sensor
55000900029021,2020-10-06,1,1,0.999908,2020-10-03,sensor
55000900029021,2020-10-07,1,1,0.9998845,2020-10-04,sensor
55000900029021,2020-10-08,1,1,0.9999118,2020-10-05,sensor
55000900029021,2020-10-09,1,1,0.9999193,2020-10-06,sensor
55000900029021,2020-10-10,1,1,0.99986637,2020-10-07,sensor
55000900029021,2020-10-11,1,1,0.9998128,2020-10-08,sensor
55000900029021,2020-10-12,1,1,0.9997049,2020-10-09,sensor
55000900029021,2020-10-13,1,1,0.9997651,2020-10-10,sensor
55000900029021,2020-10-14,1,1,0.9998642,2020-10-11,sensor
55000900029021,2020-10-15,1,1,0.999882,2020-10-12,sensor
55000900029021,2020-10-16,1,1,0.9998871,2020-10-13,sensor
55000900029021,2020-10-17,1,1,0.9999168,2020-10-14,sensor
55000900029021,2020-10-18,1,1,0.9998622,2020-10-15,sensor
55000900029021,2020-10-19,1,1,0.9998702,2020-10-16,sensor
55000900029021,2020-10-20,1,1,0.99982953,2020-10-17,sensor
55000900029021,2020-10-29,0,0,0.114826456,2020-10-26,discharge_dry
55000900029021,2020-11-02,0,0,0.0007513561,2020-10-30,discharge_dry
55000900029021,2020-11-03,0,0,0.00017157808,2020-10-31,discharge_dry
55000900029021,2020-11-04,0,0,9.883226e-05,2020-11-01,discharge_dry
55000900030173,2020-09-11,1,1,0.9998092,2020-09-08,sensor
55000900030173,2020-09-12,1,1,0.999818,2020-09-09,sensor
55000900030173,2020-09-13,1,1,0.9998185,2020-09-10,sensor
55000900030173,2020-09-14,1,1,0.99982786,2020-09-11,sensor
55000900030173,2020-09-15,1,1,0.99984133,2020-09-12,sensor
55000900030173,2020-09-16,1,1,0.9998479,2020-09-13,sensor
55000900030173,2020-09-17,1,1,0.9998529,2020-09-14,sensor
55000900030173,2020-09-18,1,1,0.9998715,2020-09-15,sensor
55000900030173,2020-09-19,1,1,0.99986625,2020-09-16,sensor
55000900030173,2020-09-20,1,1,0.99985254,2020-09-17,sensor
55000900030173,2020-09-21,1,1,0.9997483,2020-09-18,sensor
55000900030173,2020-09-22,1,1,0.9997738,2020-09-19,sensor
55000900030173,2020-09-23,1,1,0.99987125,2020-09-20,sensor
55000900030173,2020-09-24,1,1,0.9998472,2020-09-21,sensor
55000900030173,2020-09-25,1,1,0.9998406,2020-09-22,sensor
55000900030173,2020-09-26,1,1,0.9998392,2020-09-23,sensor
55000900030173,2020-09-27,1,1,0.99983346,2020-09-24,sensor
55000900030173,2020-09-28,1,1,0.9997485,2020-09-25,sensor
55000900030173,2020-09-29,1,1,0.9998549,2020-09-26,sensor
55000900030173,2020-09-30,1,1,0.99988925,2020-09-27,sensor
55000900030173,2020-10-01,1,1,0.9998975,2020-09-28,sensor
55000900030173,2020-10-02,1,1,0.9999051,2020-09-29,sensor
55000900030173,2020-10-03,1,1,0.9999167,2020-09-30,sensor
55000900030173,2020-10-04,1,1,0.9999224,2020-10-01,sensor
55000900030173,2020-10-05,1,1,0.9999194,2020-10-02,sensor
55000900030173,2020-10-06,1,1,0.99991477,2020-10-03,sensor
55000900030173,2020-10-07,1,1,0.9999027,2020-10-04,sensor
55000900030173,2020-10-08,1,1,0.999926,2020-10-05,sensor
55000900030173,2020-10-09,1,1,0.99992454,2020-10-06,sensor
55000900030173,2020-10-10,1,1,0.9998933,2020-10-07,sensor
55000900030173,2020-10-11,1,1,0.9998679,2020-10-08,sensor
55000900030173,2020-10-12,1,1,0.99986386,2020-10-09,sensor
55000900030173,2020-10-13,1,1,0.9995505,2020-10-10,sensor
55000900030173,2020-10-14,1,1,0.9993801,2020-10-11,sensor
55000900030173,2020-10-15,1,1,0.9997224,2020-10-12,sensor
55000900030173,2020-10-16,1,1,0.99975735,2020-10-13,sensor
55000900030173,2020-10-17,1,1,0.9998431,2020-10-14,sensor
55000900030173,2020-10-18,1,1,0.9998147,2020-10-15,sensor
55000900030173,2020-10-19,1,1,0.9998665,2020-10-16,sensor
55000900030173,2020-10-20,1,1,0.9998305,2020-10-17,sensor
55000900030173,2020-10-21,1,1,0.99980885,2020-10-18,sensor
55000900030173,2020-10-22,1,1,0.99984396,2020-10-19,sensor
55000900030173,2020-10-23,1,1,0.99982893,2020-10-20,sensor
55000900095919,2020-09-11,0,0,0.00019405341,2020-09-08,discharge_dry
55000900095919,2020-09-12,0,0,0.00019405341,2020-09-09,discharge_dry
55000900095919,2020-09-13,0,0,0.00019405341,2020-09-10,discharge_dry
55000900095919,2020-09-14,0,0,0.00019405341,2020-09-11,discharge_dry
55000900095919,2020-09-22,0,0,0.00019405341,2020-09-19,discharge_dry
55000900095919,2020-09-30,0,0,0.00019405341,2020-09-27,discharge_dry
55000900095919,2020-10-01,0,0,0.00019405341,2020-09-28,discharge_dry
55000900095919,2020-10-02,0,0,0.00019405341,2020-09-29,discharge_dry
55000900095919,2020-10-03,0,0,0.00019405341,2020-09-30,discharge_dry
55000900095919,2020-10-04,0,0,0.00019405341,2020-10-01,discharge_dry
55000900095919,2020-10-05,0,0,0.00019405341,2020-10-02,discharge_dry
55000900095919,2020-10-06,0,0,0.00019405341,2020-10-03,discharge_dry
55000900095919,2020-10-07,0,0,0.00019405341,2020-10-04,discharge_dry
55000900095919,2020-10-08,0,0,0.00019405341,2020-10-05,discharge_dry
55000900095919,2020-10-09,0,0,0.00019405341,2020-10-06,discharge_dry
55000900095919,2020-10-18,0,0,0.00019405341,2020-10-15,discharge_dry
55000900095919,2020-10-19,0,0,0.00019405341,2020-10-16,discharge_dry
55000900095919,2020-10-20,0,0,0.00019405341,2020-10-17,discharge_dry
55000900095919,2020-10-21,0,0,0.00019405341,2020-10-18,discharge_dry
55000900095919,2020-10-22,0,0,0.00019405341,2020-10-19,discharge_dry
55000900095919,2020-10-23,0,0,0.00019405341,2020-10-20,discharge_dry
55000900095919,2020-10-25,0,0,0.00019405341,2020-10-22,discharge_dry
55000900095919,2020-10-26,0,0,0.00019405341,2020-10-23,discharge_dry
55000900095919,2020-10-27,0,0,0.00019405341,2020-10-24,discharge_dry
55000900095919,2020-10-28,0,0,0.00019405341,2020-10-25,discharge_dry
55000900095919,2020-10-29,0,0,0.00019405341,2020-10-26,discharge_dry
55000900095919,2020-10-30,0,0,0.00019405341,2020-10-27,discharge_dry
55000900095919,2020-10-31,0,0,0.00019405341,2020-10-28,discharge_dry
55000900095919,2020-11-01,0,0,0.00019405341,2020-10-29,discharge_dry
55000900095919,2020-11-02,0,0,0.00019405341,2020-10-30,discharge_dry
55000900095919,2020-11-03,0,0,0.00019405341,2020-10-31,discharge_dry
55000900095919,2020-11-04,0,0,0.00019405341,2020-11-01,discharge_dry
55000900096564,2020-09-11,1,1,0.94518876,2020-09-08,sensor
55000900096564,2020-09-12,1,1,0.9316035,2020-09-09,sensor
55000900096564,2020-09-13,1,1,0.91550577,2020-09-10,sensor
55000900096564,2020-09-14,1,1,0.9474113,2020-09-11,sensor
55000900096564,2020-09-15,1,1,0.96716523,2020-09-12,sensor
55000900096564,2020-09-16,1,1,0.97533995,2020-09-13,sensor
55000900096564,2020-09-17,1,1,0.9739618,2020-09-14,sensor
55000900096564,2020-09-20,1,1,0.975244,2020-09-17,sensor
55000900096564,2020-09-21,1,1,0.85940313,2020-09-18,sensor
55000900096564,2020-09-22,1,1,0.71759367,2020-09-19,sensor
55000900096564,2020-09-27,1,1,0.5797573,2020-09-24,sensor
55000900096564,2020-09-28,1,1,0.9705859,2020-09-25,sensor
55000900096564,2020-09-29,1,1,0.9812788,2020-09-26,sensor
55000900096564,2020-09-30,1,1,0.95883644,2020-09-27,sensor
55000900096564,2020-10-01,1,1,0.9458973,2020-09-28,sensor
55000900096564,2020-10-02,1,1,0.97008926,2020-09-29,sensor
55000900096564,2020-10-03,1,1,0.9901147,2020-09-30,sensor
55000900096564,2020-10-04,1,1,0.99453694,2020-10-01,sensor
55000900096564,2020-10-05,1,1,0.99565303,2020-10-02,sensor
55000900096564,2020-10-06,1,1,0.99598265,2020-10-03,sensor
55000900096564,2020-10-07,1,1,0.9948724,2020-10-04,sensor
55000900096564,2020-10-08,1,1,0.9948715,2020-10-05,sensor
55000900096564,2020-10-09,1,1,0.99533445,2020-10-06,sensor
55000900096564,2020-10-11,1,1,0.9897427,2020-10-08,sensor
55000900096564,2020-10-13,0,1,0.9846318,2020-10-10,sensor
55000900096564,2020-10-15,1,1,0.998637,2020-10-12,sensor
55000900096564,2020-10-16,1,1,0.9992836,2020-10-13,sensor
55000900096564,2020-10-17,1,1,0.9944336,2020-10-14,sensor
55000900096564,2020-10-18,1,1,0.9823973,2020-10-15,sensor
55000900096564,2020-10-19,1,1,0.9792016,2020-10-16,sensor
55000900096564,2020-10-20,1,1,0.99466753,2020-10-17,sensor
55000900096564,2020-10-22,1,1,0.99802667,2020-10-19,sensor
55000900096564,2020-10-25,1,1,0.9746017,2020-10-22,sensor
55000900096564,2020-10-26,1,1,0.91249484,2020-10-23,sensor
55000900096564,2020-10-27,1,1,0.9740496,2020-10-24,sensor
55000900096564,2020-10-28,1,1,0.96419406,2020-10-25,sensor
55000900097164,2020-09-11,0,1,0.01648967,2020-09-08,sensor
55000900097164,2020-09-12,0,1,0.017011324,2020-09-09,sensor
55000900097164,2020-09-13,0,1,0.018110584,2020-09-10,sensor
55000900097164,2020-09-14,0,1,0.018503407,2020-09-11,sensor
55000900097164,2020-09-15,0,1,0.018686034,2020-09-12,sensor
55000900097164,2020-09-16,0,1,0.018808413,2020-09-13,sensor
55000900097164,2020-09-17,0,1,0.018809078,2020-09-14,sensor
55000900097164,2020-09-18,0,1,0.018910063,2020-09-15,sensor
55000900097164,2020-09-19,0,1,0.01883792,2020-09-16,sensor
55000900097164,2020-09-20,0,1,0.018873744,2020-09-17,sensor
55000900097164,2020-09-21,0,1,0.035173453,2020-09-18,sensor
55000900097164,2020-09-22,0,1,0.07960991,2020-09-19,sensor
55000900097164,2020-09-23,0,1,0.044703826,2020-09-20,sensor
55000900097164,2020-09-24,0,1,0.03719837,2020-09-21,sensor
55000900097164,2020-09-25,0,1,0.03977464,2020-09-22,sensor
55000900097164,2020-09-26,0,1,0.046436425,2020-09-23,sensor
55000900097164,2020-09-27,0,1,0.08343995,2020-09-24,sensor
55000900097164,2020-09-28,0,1,0.7489033,2020-09-25,sensor
55000900097164,2020-09-29,0,1,0.9055206,2020-09-26,sensor
55000900097164,2020-09-30,0,1,0.18367723,2020-09-27,sensor
55000900097164,2020-10-01,0,1,0.1153896,2020-09-28,sensor
55000900097164,2020-10-02,0,1,0.1108123,2020-09-29,sensor
55000900097164,2020-10-03,0,1,0.07457285,2020-09-30,sensor
55000900097164,2020-10-04,0,1,0.04612,2020-10-01,sensor
55000900097164,2020-10-05,0,1,0.03383062,2020-10-02,sensor
55000900097164,2020-10-06,0,1,0.0283448,2020-10-03,sensor
55000900097164,2020-10-07,0,1,0.024962813,2020-10-04,sensor
55000900097164,2020-10-08,0,1,0.019951377,2020-10-05,sensor
55000900097164,2020-10-09,0,1,0.017799962,2020-10-06,sensor
55000900097164,2020-10-11,1,1,0.02691362,2020-10-08,sensor
55000900097164,2020-10-12,1,1,0.034993034,2020-10-09,sensor
55000900097164,2020-10-13,1,1,0.6085997,2020-10-10,sensor
55000900097164,2020-10-14,1,1,0.99974483,2020-10-11,sensor
55000900097164,2020-10-15,1,1,0.9999101,2020-10-12,sensor
55000900097164,2020-10-16,1,1,0.9999703,2020-10-13,sensor
55000900097164,2020-10-17,1,1,0.9998673,2020-10-14,sensor
55000900097164,2020-10-18,1,1,0.9898873,2020-10-15,sensor
55000900097164,2020-10-19,1,1,0.9643378,2020-10-16,sensor
55000900097164,2020-10-20,1,1,0.9933565,2020-10-17,sensor
55000900097164,2020-10-21,1,1,0.99944025,2020-10-18,sensor
55000900097164,2020-10-22,1,1,0.9990024,2020-10-19,sensor
55000900097169,2020-09-11,0,1,0.08559018,2020-09-08,sensor
55000900097169,2020-09-12,0,1,0.089311406,2020-09-09,sensor
55000900097169,2020-09-13,0,1,0.08940577,2020-09-10,sensor
55000900097169,2020-09-14,0,1,0.09037118,2020-09-11,sensor
55000900097169,2020-09-15,0,1,0.09082501,2020-09-12,sensor
55000900097169,2020-09-16,0,1,0.090430416,2020-09-13,sensor
55000900097169,2020-09-17,0,1,0.090776905,2020-09-14,sensor
55000900097169,2020-09-18,0,1,0.091404974,2020-09-15,sensor
55000900097169,2020-09-19,0,1,0.09130071,2020-09-16,sensor
55000900097169,2020-09-20,0,1,0.09278922,2020-09-17,sensor
55000900097169,2020-09-21,0,1,0.092639655,2020-09-18,sensor
55000900097169,2020-09-22,0,1,0.09299901,2020-09-19,sensor
55000900097169,2020-09-23,0,1,0.090725124,2020-09-20,sensor
55000900097169,2020-09-24,0,1,0.0919377,2020-09-21,sensor
55000900097169,2020-09-25,0,1,0.092514224,2020-09-22,sensor
55000900097169,2020-09-26,0,1,0.09196017,2020-09-23,sensor
55000900097169,2020-09-27,0,1,0.09144892,2020-09-24,sensor
55000900097169,2020-09-28,0,1,0.09406985,2020-09-25,sensor
55000900097169,2020-09-29,0,1,0.09424392,2020-09-26,sensor
55000900097169,2020-09-30,0,1,0.09129332,2020-09-27,sensor
55000900097169,2020-10-01,0,1,0.09041571,2020-09-28,sensor
55000900097169,2020-10-02,0,1,0.089694574,2020-09-29,sensor
55000900097169,2020-10-03,0,1,0.0898016,2020-09-30,sensor
55000900097169,2020-10-04,0,1,0.089979075,2020-10-01,sensor
55000900097169,2020-10-05,0,1,0.089995086,2020-10-02,sensor
55000900097169,2020-10-06,0,1,0.09028705,2020-10-03,sensor
55000900097169,2020-10-07,0,1,0.09076228,2020-10-04,sensor
55000900097169,2020-10-08,0,1,0.08996758,2020-10-05,sensor
55000900097169,2020-10-09,0,1,0.089588635,2020-10-06,sensor
55000900097169,2020-10-10,1,1,0.09083462,2020-10-07,sensor
55000900097169,2020-10-11,1,1,0.09087437,2020-10-08,sensor
55000900097169,2020-10-12,1,1,0.091197975,2020-10-09,sensor
55000900097169,2020-10-13,1,1,0.10424848,2020-10-10,sensor
55000900097169,2020-10-14,1,1,0.10378115,2020-10-11,sensor
55000900097169,2020-10-15,1,1,0.09902467,2020-10-12,sensor
55000900097169,2020-10-16,0,1,0.09610033,2020-10-13,sensor
55000900097169,2020-10-17,0,1,0.08870156,2020-10-14,sensor
55000900097169,2020-10-18,0,1,0.090922825,2020-10-15,sensor
55000900097169,2020-10-19,0,1,0.08902571,2020-10-16,sensor
55000900097169,2020-10-20,0,1,0.09175718,2020-10-17,sensor
55000900097169,2020-10-21,0,1,0.09217246,2020-10-18,sensor
55000900097169,2020-10-22,1,1,0.09216373,2020-10-19,sensor
55000900097170,2020-09-11,0,1,0.013444131,2020-09-08,sensor
55000900097170,2020-09-12,0,1,0.013293093,2020-09-09,sensor
55000900097170,2020-09-13,0,1,0.013121537,2020-09-10,sensor
55000900097170,2020-09-14,0,1,0.013470626,2020-09-11,sensor
55000900097170,2020-09-15,0,1,0.013631442,2020-09-12,sensor
55000900097170,2020-09-16,0,1,0.0134619605,2020-09-13,sensor
55000900097170,2020-09-17,0,1,0.013450402,2020-09-14,sensor
55000900097170,2020-09-18,0,1,0.013835748,2020-09-15,sensor
55000900097170,2020-09-19,0,1,0.013790117,2020-09-16,sensor
55000900097170,2020-09-20,0,1,0.014683098,2020-09-17,sensor
55000900097170,2020-09-21,0,1,0.021256309,2020-09-18,sensor
55000900097170,2020-09-22,0,1,0.056414563,2020-09-19,sensor
55000900097170,2020-09-23,0,1,0.021382838,2020-09-20,sensor
55000900097170,2020-09-24,0,1,0.021626266,2020-09-21,sensor
55000900097170,2020-09-26,0,1,0.037738387,2020-09-23,sensor
55000900097170,2020-09-27,0,1,0.095584966,2020-09-24,sensor
55000900097170,2020-09-28,0,1,0.92427814,2020-09-25,sensor
55000900097170,2020-09-29,0,1,0.9721076,2020-09-26,sensor
55000900097170,2020-09-30,0,1,0.33238232,2020-09-27,sensor
55000900097170,2020-10-01,0,1,0.031994745,2020-09-28,sensor
55000900097170,2020-10-02,0,1,0.017179044,2020-09-29,sensor
55000900097170,2020-10-03,0,1,0.014089503,2020-09-30,sensor
55000900097170,2020-10-04,0,1,0.013220116,2020-10-01,sensor
55000900097170,2020-10-05,0,1,0.013138962,2020-10-02,sensor
55000900097170,2020-10-06,0,1,0.013424491,2020-10-03,sensor
55000900097170,2020-10-07,0,1,0.013668831,2020-10-04,sensor
55000900097170,2020-10-08,0,1,0.013018254,2020-10-05,sensor
55000900097170,2020-10-09,0,1,0.012576437,2020-10-06,sensor
55000900097170,2020-10-10,0,1,0.013435426,2020-10-07,sensor
55000900097170,2020-10-11,0,1,0.013712687,2020-10-08,sensor
55000900097170,2020-10-12,0,1,0.0136044,2020-10-09,sensor
55000900097170,2020-10-13,1,1,0.1656205,2020-10-10,sensor
55000900097170,2020-10-14,0,1,0.99180543,2020-10-11,sensor
55000900097170,2020-10-15,0,1,0.9934974,2020-10-12,sensor
55000900097170,2020-10-16,0,1,0.9998785,2020-10-13,sensor
55000900097170,2020-10-17,0,1,0.9974496,2020-10-14,sensor
55000900097170,2020-10-18,0,1,0.32449678,2020-10-15,sensor
55000900097170,2020-10-19,0,1,0.039949887,2020-10-16,sensor
55000900097170,2020-10-20,0,1,0.049802314,2020-10-17,sensor
55000900097170,2020-10-21,0,1,0.11799336,2020-10-18,sensor
55000900097170,2020-10-22,0,1,0.11742575,2020-10-19,sensor
55000900097170,2020-10-23,0,1,0.07552586,2020-10-20,sensor
55000900097170,2020-10-24,0,1,0.09839862,2020-10-21,sensor
55000900097170,2020-10-25,1,1,0.034640096,2020-10-22,sensor
55000900097170,2020-10-26,0,1,0.021218337,2020-10-23,sensor
55000900097170,2020-10-27,0,1,0.11381765,2020-10-24,sensor
55000900097170,2020-10-28,0,1,0.19267978,2020-10-25,sensor
55000900097170,2020-10-29,0,1,0.027476221,2020-10-26,sensor
55000900099610,2020-09-11,1,1,0.99987495,2020-09-08,sensor
55000900099610,2020-09-12,1,1,0.9998652,2020-09-09,sensor
55000900099610,2020-09-13,1,1,0.999907,2020-09-10,sensor
55000900099610,2020-09-14,1,1,0.9999229,2020-09-11,sensor
55000900099610,2020-09-15,1,1,0.99993134,2020-09-12,sensor
55000900099610,2020-09-16,1,1,0.99993527,2020-09-13,sensor
55000900099610,2020-09-17,1,1,0.9999355,2020-09-14,sensor
55000900099610,2020-09-18,1,1,0.99993515,2020-09-15,sensor
55000900099610,2020-09-19,1,1,0.99993753,2020-09-16,sensor
55000900099610,2020-09-20,1,1,0.9999409,2020-09-17,sensor
55000900099610,2020-09-21,1,1,0.9999176,2020-09-18,sensor
55000900099610,2020-09-22,1,1,0.99991226,2020-09-19,sensor
55000900099610,2020-09-24,1,1,0.9999355,2020-09-21,sensor
55000900099610,2020-09-25,1,1,0.99993753,2020-09-22,sensor
55000900099610,2020-09-26,1,1,0.9998851,2020-09-23,sensor
55000900099610,2020-09-27,1,1,0.99990165,2020-09-24,sensor
55000900099610,2020-09-28,1,1,0.99993,2020-09-25,sensor
55000900099610,2020-09-29,1,1,0.9999167,2020-09-26,sensor
55000900099610,2020-09-30,1,1,0.9999428,2020-09-27,sensor
55000900099610,2020-10-01,1,1,0.99995756,2020-09-28,sensor
55000900099610,2020-10-02,1,1,0.9999559,2020-09-29,sensor
55000900099610,2020-10-03,1,1,0.9999509,2020-09-30,sensor
55000900099610,2020-10-04,1,1,0.9999497,2020-10-01,sensor
55000900099610,2020-10-05,1,1,0.9999479,2020-10-02,sensor
55000900099610,2020-10-06,1,1,0.9999467,2020-10-03,sensor
55000900099610,2020-10-07,1,1,0.9999453,2020-10-04,sensor
55000900099610,2020-10-08,1,1,0.99995184,2020-10-05,sensor
55000900099610,2020-10-09,1,1,0.9999466,2020-10-06,sensor
55000900099610,2020-10-10,1,1,0.9999385,2020-10-07,sensor
55000900099610,2020-10-11,1,1,0.9999361,2020-10-08,sensor
55000900099610,2020-10-12,1,1,0.99993944,2020-10-09,sensor
55000900099610,2020-10-13,1,1,0.99990344,2020-10-10,sensor
55000900099610,2020-10-14,1,1,0.99987364,2020-10-11,sensor
55000900099610,2020-10-15,1,1,0.99983704,2020-10-12,sensor
55000900099610,2020-10-16,1,1,0.99991584,2020-10-13,sensor
55000900099610,2020-10-17,1,1,0.9998932,2020-10-14,sensor
55000900099610,2020-10-18,1,1,0.9999242,2020-10-15,sensor
55000900099610,2020-10-19,1,1,0.9999336,2020-10-16,sensor
55000900099610,2020-10-20,1,1,0.9999107,2020-10-17,sensor
55000900100137,2020-09-11,0,1,0.00022064969,2020-09-08,sensor
55000900100137,2020-09-12,0,1,0.00016409295,2020-09-09,sensor
55000900100137,2020-09-13,0,1,0.00016221029,2020-09-10,sensor
55000900100137,2020-09-14,0,1,0.00021972135,2020-09-11,sensor
55000900100137,2020-09-15,0,1,0.00025769518,2020-09-12,sensor
55000900100137,2020-09-16,0,1,0.00024561197,2020-09-13,sensor
55000900100137,2020-09-17,0,1,0.00028548882,2020-09-14,sensor
55000900100137,2020-09-18,0,1,0.00039416153,2020-09-15,sensor
55000900100137,2020-09-19,0,1,0.00048167267,2020-09-16,sensor
55000900100137,2020-09-20,0,1,0.001068352,2020-09-17,sensor
55000900100137,2020-09-21,0,1,0.004485737,2020-09-18,sensor
55000900100137,2020-09-22,0,1,0.01374212,2020-09-19,sensor
55000900100137,2020-09-23,0,1,0.0024506862,2020-09-20,sensor
55000900100137,2020-09-24,0,1,0.002700272,2020-09-21,sensor
55000900100137,2020-09-25,0,1,0.003886302,2020-09-22,sensor
55000900100137,2020-09-26,0,1,0.008063216,2020-09-23,sensor
55000900100137,2020-09-27,0,1,0.009550762,2020-09-24,sensor
55000900100137,2020-09-28,0,1,0.8533806,2020-09-25,sensor
55000900100137,2020-09-29,0,1,0.9584038,2020-09-26,sensor
55000900100137,2020-09-30,0,1,0.8442177,2020-09-27,sensor
55000900100137,2020-10-01,0,1,0.08080236,2020-09-28,sensor
55000900100137,2020-10-02,0,1,0.0029574332,2020-09-29,sensor
55000900100137,2020-10-03,0,1,0.0006968682,2020-09-30,sensor
55000900100137,2020-10-04,0,1,0.00038501262,2020-10-01,sensor
55000900100137,2020-10-05,0,1,0.00036313004,2020-10-02,sensor
55000900100137,2020-10-06,0,1,0.00038247675,2020-10-03,sensor
55000900100137,2020-10-07,0,1,0.00047881273,2020-10-04,sensor
55000900100137,2020-10-08,0,1,0.00032226348,2020-10-05,sensor
55000900100137,2020-10-09,0,1,0.0002505257,2020-10-06,sensor
55000900100137,2020-10-10,0,1,0.0003796662,2020-10-07,sensor
55000900100137,2020-10-11,1,1,0.00066980417,2020-10-08,sensor
55000900100137,2020-10-12,1,1,0.00088189344,2020-10-09,sensor
55000900100137,2020-10-13,1,1,0.6397544,2020-10-10,sensor
55000900100137,2020-10-14,1,1,0.9668172,2020-10-11,sensor
55000900100137,2020-10-16,0,1,0.9970476,2020-10-13,sensor
55000900100137,2020-10-17,0,1,0.99714226,2020-10-14,sensor
55000900100137,2020-10-18,0,1,0.96050334,2020-10-15,sensor
55000900100137,2020-10-19,0,1,0.7451133,2020-10-16,sensor
55000900100137,2020-10-20,0,1,0.8246001,2020-10-17,sensor
55000900100137,2020-10-21,0,1,0.9372133,2020-10-18,sensor
55000900130316,2020-09-11,0,0,0.00040673497,2020-09-08,discharge_dry
55000900130316,2020-09-12,0,0,0.00040673497,2020-09-09,discharge_dry
55000900130316,2020-09-13,0,0,0.00040673497,2020-09-10,discharge_dry
55000900130316,2020-09-14,0,0,0.00040673497,2020-09-11,discharge_dry
55000900130316,2020-09-15,0,0,0.00040673497,2020-09-12,discharge_dry
55000900130316,2020-09-16,0,0,0.00040673497,2020-09-13,discharge_dry
55000900130316,2020-09-17,0,0,0.00040673497,2020-09-14,discharge_dry
55000900130316,2020-09-18,0,0,0.00040673497,2020-09-15,discharge_dry
55000900130316,2020-09-20,0,0,0.00040673497,2020-09-17,discharge_dry
55000900130316,2020-09-21,0,0,0.00040673497,2020-09-18,discharge_dry
55000900130316,2020-09-22,0,0,0.00040673497,2020-09-19,discharge_dry
55000900130316,2020-09-23,0,0,0.00040673497,2020-09-20,discharge_dry
55000900130316,2020-09-27,0,0,0.00040673497,2020-09-24,discharge_dry
55000900130316,2020-09-28,0,0,0.00040673497,2020-09-25,discharge_dry
55000900130316,2020-09-29,0,0,0.00040673497,2020-09-26,discharge_dry
55000900130316,2020-09-30,0,0,0.00040673497,2020-09-27,discharge_dry
55000900130316,2020-10-01,0,0,0.00040673497,2020-09-28,discharge_dry
55000900130316,2020-10-02,0,0,0.00040673497,2020-09-29,discharge_dry
55000900130316,2020-10-03,0,0,0.00040673497,2020-09-30,discharge_dry
55000900130316,2020-10-04,0,0,0.00040673497,2020-10-01,discharge_dry
55000900130316,2020-10-05,0,0,0.00040673497,2020-10-02,discharge_dry
55000900130316,2020-10-06,0,0,0.00040673497,2020-10-03,discharge_dry
55000900130316,2020-10-07,0,0,0.00040673497,2020-10-04,discharge_dry
55000900130316,2020-10-08,0,0,0.00040673497,2020-10-05,discharge_dry
55000900130316,2020-10-09,0,0,0.00040673497,2020-10-06,discharge_dry
55000900130316,2020-10-17,0,0,0.00040673497,2020-10-14,discharge_dry
55000900130316,2020-10-18,0,0,0.00040673497,2020-10-15,discharge_dry
55000900130316,2020-10-19,0,0,0.00040673497,2020-10-16,discharge_dry
55000900130316,2020-10-20,0,0,0.00040673497,2020-10-17,discharge_dry
55000900130316,2020-10-21,0,0,0.00040673497,2020-10-18,discharge_dry
55000900130316,2020-10-22,0,0,0.00040673497,2020-10-19,discharge_dry
55000900130316,2020-10-23,0,0,0.00040673497,2020-10-20,discharge_dry
55000900130316,2020-10-24,0,0,0.00040673497,2020-10-21,discharge_dry
55000900130316,2020-10-25,0,0,0.00040673497,2020-10-22,discharge_dry
55000900130316,2020-10-26,0,0,0.00040673497,2020-10-23,discharge_dry
55000900130316,2020-10-27,0,0,0.00040673497,2020-10-24,discharge_dry
55000900130316,2020-10-28,0,0,0.00040673497,2020-10-25,discharge_dry
55000900130316,2020-10-29,0,0,0.00040673497,2020-10-26,discharge_dry
55000900130316,2020-10-30,0,0,0.00040673497,2020-10-27,discharge_dry
55000900130316,2020-10-31,0,0,0.00040673497,2020-10-28,discharge_dry
55000900130316,2020-11-01,0,0,0.00040673497,2020-10-29,discharge_dry
55000900130316,2020-11-02,0,0,0.00040673497,2020-10-30,discharge_dry
55000900130316,2020-11-03,0,0,0.00040673497,2020-10-31,discharge_dry
55000900130316,2020-11-04,0,0,0.00040673497,2020-11-01,discharge_dry
55000900131558,2020-09-11,1,1,0.99974746,2020-09-08,sensor
55000900131558,2020-09-12,1,1,0.9998747,2020-09-09,sensor
55000900131558,2020-09-13,1,1,0.99988914,2020-09-10,sensor
55000900131558,2020-09-14,1,1,0.999869,2020-09-11,sensor
55000900131558,2020-09-15,1,1,0.99979514,2020-09-12,sensor
55000900131558,2020-09-16,1,1,0.9997491,2020-09-13,sensor
55000900131558,2020-09-17,1,1,0.99966383,2020-09-14,sensor
55000900131558,2020-09-18,1,1,0.9990853,2020-09-15,sensor
55000900131558,2020-09-19,1,1,0.9986817,2020-09-16,sensor
55000900131558,2020-09-20,1,1,0.99873394,2020-09-17,sensor
55000900131558,2020-09-21,1,1,0.9993093,2020-09-18,sensor
55000900131558,2020-09-22,1,1,0.9994592,2020-09-19,sensor
55000900131558,2020-09-23,1,1,0.9988016,2020-09-20,sensor
55000900131558,2020-09-24,1,1,0.9990771,2020-09-21,sensor
55000900131558,2020-09-25,1,1,0.999343,2020-09-22,sensor
55000900131558,2020-09-26,1,1,0.99974936,2020-09-23,sensor
55000900131558,2020-09-27,1,1,0.9995776,2020-09-24,sensor
55000900131558,2020-09-28,1,1,0.9999577,2020-09-25,sensor
55000900131558,2020-09-29,1,1,0.9999224,2020-09-26,sensor
55000900131558,2020-09-30,1,1,0.99960417,2020-09-27,sensor
55000900131558,2020-10-01,1,1,0.9998692,2020-09-28,sensor
55000900131558,2020-10-02,1,1,0.9999223,2020-09-29,sensor
55000900131558,2020-10-03,1,1,0.9999275,2020-09-30,sensor
55000900131558,2020-10-04,1,1,0.9999118,2020-10-01,sensor
55000900131558,2020-10-05,1,1,0.9998716,2020-10-02,sensor
55000900131558,2020-10-06,1,1,0.99969316,2020-10-03,sensor
55000900131558,2020-10-07,1,1,0.9990152,2020-10-04,sensor
55000900131558,2020-10-08,1,1,0.99958736,2020-10-05,sensor
55000900131558,2020-10-09,1,1,0.9998839,2020-10-06,sensor
55000900131558,2020-10-10,1,1,0.9996834,2020-10-07,sensor
55000900131558,2020-10-11,1,1,0.9991379,2020-10-08,sensor
55000900131558,2020-10-12,1,1,0.99927753,2020-10-09,sensor
55000900131558,2020-10-13,1,1,0.9999614,2020-10-10,sensor
55000900131558,2020-10-14,1,1,0.99996865,2020-10-11,sensor
55000900131558,2020-10-15,1,1,0.9999423,2020-10-12,sensor
55000900131558,2020-10-16,1,1,0.9999716,2020-10-13,sensor
55000900131558,2020-10-17,1,1,0.99983907,2020-10-14,sensor
55000900131558,2020-10-18,1,1,0.99930644,2020-10-15,sensor
55000900131558,2020-10-19,1,1,0.9996449,2020-10-16,sensor
55000900131558,2020-10-20,1,1,0.9996791,2020-10-17,sensor
55000900131558,2020-10-21,1,1,0.99989676,2020-10-18,sensor
55000900131558,2020-10-22,1,1,0.9997123,2020-10-19,sensor
55000900167054,2020-09-11,1,1,0.9997595,2020-09-08,sensor
55000900167054,2020-09-12,1,1,0.9998016,2020-09-09,sensor
55000900167054,2020-09-13,1,1,0.9997967,2020-09-10,sensor
55000900167054,2020-09-14,1,1,0.9998555,2020-09-11,sensor
55000900167054,2020-09-15,1,1,0.99988484,2020-09-12,sensor
55000900167054,2020-09-16,1,1,0.9998853,2020-09-13,sensor
55000900167054,2020-09-17,1,1,0.9998901,2020-09-14,sensor
55000900167054,2020-09-18,1,1,0.99990606,2020-09-15,sensor
55000900167054,2020-09-19,1,1,0.9999049,2020-09-16,sensor
55000900167054,2020-09-20,1,1,0.9999155,2020-09-17,sensor
55000900167054,2020-09-21,1,1,0.99991965,2020-09-18,sensor
55000900167054,2020-09-22,1,1,0.99993443,2020-09-19,sensor
55000900167054,2020-09-23,1,1,0.99992967,2020-09-20,sensor
55000900167054,2020-09-24,1,1,0.9999238,2020-09-21,sensor
55000900167054,2020-09-25,1,1,0.9999374,2020-09-22,sensor
55000900167054,2020-09-26,1,1,0.9999509,2020-09-23,sensor
55000900167054,2020-09-27,1,1,0.9999479,2020-09-24,sensor
55000900167054,2020-09-28,1,1,0.9999653,2020-09-25,sensor
55000900167054,2020-09-29,1,1,0.9999484,2020-09-26,sensor
55000900167054,2020-09-30,1,1,0.999944,2020-09-27,sensor
55000900167054,2020-10-01,1,1,0.999928,2020-09-28,sensor
55000900167054,2020-10-02,1,1,0.9999254,2020-09-29,sensor
55000900167054,2020-10-03,1,1,0.99993885,2020-09-30,sensor
55000900167054,2020-10-04,1,1,0.99994075,2020-10-01,sensor
55000900167054,2020-10-05,1,1,0.9999429,2020-10-02,sensor
55000900167054,2020-10-06,1,1,0.99994516,2020-10-03,sensor
55000900167054,2020-10-07,1,1,0.9999465,2020-10-04,sensor
55000900167054,2020-10-08,1,1,0.999936,2020-10-05,sensor
55000900167054,2020-10-09,1,1,0.9999261,2020-10-06,sensor
55000900167054,2020-10-10,1,1,0.99994504,2020-10-07,sensor
55000900167054,2020-10-11,1,1,0.9999473,2020-10-08,sensor
55000900167054,2020-10-12,1,1,0.9999516,2020-10-09,sensor
55000900167054,2020-10-13,1,1,0.999967,2020-10-10,sensor
55000900167054,2020-10-14,1,1,0.99995935,2020-10-11,sensor
55000900167054,2020-10-15,1,1,0.9999373,2020-10-12,sensor
55000900167054,2020-10-16,1,1,0.99996483,2020-10-13,sensor
55000900167054,2020-10-17,1,1,0.9999399,2020-10-14,sensor
55000900167054,2020-10-18,1,1,0.99990785,2020-10-15,sensor
55000900167054,2020-10-19,1,1,0.9999298,2020-10-16,sensor
55000900167054,2020-10-20,1,1,0.9999449,2020-10-17,sensor
55000900167054,2020-10-21,1,1,0.9999503,2020-10-18,sensor
55000900167692,2020-09-11,1,1,0.9998847,2020-09-08,sensor
55000900167692,2020-09-12,1,1,0.9999224,2020-09-09,sensor
55000900167692,2020-09-13,1,1,0.99992645,2020-09-10,sensor
55000900167692,2020-09-14,1,1,0.9999198,2020-09-11,sensor
55000900167692,2020-09-15,1,1,0.99991083,2020-09-12,sensor
55000900167692,2020-09-16,1,1,0.9999083,2020-09-13,sensor
55000900167692,2020-09-17,1,1,0.9998958,2020-09-14,sensor
55000900167692,2020-09-19,1,1,0.9997111,2020-09-16,sensor
55000900167692,2020-09-20,1,1,0.999731,2020-09-17,sensor
55000900167692,2020-09-21,1,1,0.9992617,2020-09-18,sensor
55000900167692,2020-09-22,1,1,0.9993765,2020-09-19,sensor
55000900167692,2020-09-23,1,1,0.9997042,2020-09-20,sensor
55000900167692,2020-09-24,1,1,0.999798,2020-09-21,sensor
55000900167692,2020-09-25,1,1,0.9998229,2020-09-22,sensor
55000900167692,2020-09-26,1,1,0.9998597,2020-09-23,sensor
55000900167692,2020-09-27,1,1,0.9998073,2020-09-24,sensor
55000900167692,2020-09-28,1,1,0.9999447,2020-09-25,sensor
55000900167692,2020-09-29,1,1,0.9999281,2020-09-26,sensor
55000900167692,2020-09-30,1,1,0.99984133,2020-09-27,sensor
55000900167692,2020-10-01,1,1,0.9999403,2020-09-28,sensor
55000900167692,2020-10-02,1,1,0.99994683,2020-09-29,sensor
55000900167692,2020-10-03,1,1,0.9999442,2020-09-30,sensor
55000900167692,2020-10-04,1,1,0.9999418,2020-10-01,sensor
55000900167692,2020-10-05,1,1,0.99993837,2020-10-02,sensor
55000900167692,2020-10-10,1,1,0.999765,2020-10-07,sensor
55000900167692,2020-10-11,1,1,0.998718,2020-10-08,sensor
55000900167692,2020-10-12,1,1,0.99213517,2020-10-09,sensor
55000900167692,2020-10-13,1,1,0.99961424,2020-10-10,sensor
55000900167692,2020-10-14,1,1,0.99992204,2020-10-11,sensor
55000900167692,2020-10-15,1,1,0.9999206,2020-10-12,sensor
55000900167692,2020-10-16,1,1,0.9999515,2020-10-13,sensor
55000900167692,2020-10-17,1,1,0.99989593,2020-10-14,sensor
55000900167692,2020-10-18,1,1,0.9997683,2020-10-15,sensor
55000900167692,2020-10-19,1,1,0.99987185,2020-10-16,sensor
55000900167692,2020-10-20,1,1,0.9997874,2020-10-17,sensor
55000900167704,2020-09-11,1,1,0.9998853,2020-09-08,sensor
55000900167704,2020-09-12,1,1,0.9998969,2020-09-09,sensor
55000900167704,2020-09-13,1,1,0.99990344,2020-09-10,sensor
55000900167704,2020-09-14,1,1,0.9999027,2020-09-11,sensor
55000900167704,2020-09-15,1,1,0.9999114,2020-09-12,sensor
55000900167704,2020-09-16,1,1,0.99991405,2020-09-13,sensor
55000900167704,2020-09-17,1,1,0.99991345,2020-09-14,sensor
55000900167704,2020-09-18,1,1,0.99990857,2020-09-15,sensor
55000900167704,2020-09-19,1,1,0.99986994,2020-09-16,sensor
55000900167704,2020-09-20,1,1,0.99977726,2020-09-17,sensor
55000900167704,2020-09-21,1,1,0.99925476,2020-09-18,sensor
55000900167704,2020-09-22,1,1,0.9986545,2020-09-19,sensor
55000900167704,2020-09-23,1,1,0.9995049,2020-09-20,sensor
55000900167704,2020-09-24,1,1,0.9991059,2020-09-21,sensor
55000900167704,2020-09-25,1,1,0.9987913,2020-09-22,sensor
55000900167704,2020-09-26,1,1,0.999292,2020-09-23,sensor
55000900167704,2020-09-27,1,1,0.9996717,2020-09-24,sensor
55000900167704,2020-09-28,1,1,0.9997055,2020-09-25,sensor
55000900167704,2020-09-29,1,1,0.9998807,2020-09-26,sensor
55000900167704,2020-09-30,1,1,0.9999093,2020-09-27,sensor
55000900167704,2020-10-01,1,1,0.9999298,2020-09-28,sensor
55000900167704,2020-10-02,1,1,0.9999256,2020-09-29,sensor
55000900167704,2020-10-03,1,1,0.99991477,2020-09-30,sensor
55000900167704,2020-10-04,1,1,0.99990726,2020-10-01,sensor
55000900167704,2020-10-05,1,1,0.9998883,2020-10-02,sensor
55000900167704,2020-10-06,1,1,0.9998784,2020-10-03,sensor
55000900167704,2020-10-07,1,1,0.9998319,2020-10-04,sensor
55000900167704,2020-10-08,1,1,0.9997831,2020-10-05,sensor
55000900167704,2020-10-09,1,1,0.9994985,2020-10-06,sensor
55000900167704,2020-10-10,1,1,0.9988716,2020-10-07,sensor
55000900167704,2020-10-11,1,1,0.99658394,2020-10-08,sensor
55000900167704,2020-10-12,1,1,0.9896862,2020-10-09,sensor
55000900167704,2020-10-13,1,1,0.9823198,2020-10-10,sensor
55000900167704,2020-10-14,1,1,0.99918944,2020-10-11,sensor
55000900167704,2020-10-15,1,1,0.99976844,2020-10-12,sensor
55000900167704,2020-10-16,1,1,0.9997855,2020-10-13,sensor
55000900167704,2020-10-17,1,1,0.9998696,2020-10-14,sensor
55000900167704,2020-10-18,1,1,0.9997254,2020-10-15,sensor
55000900167704,2020-10-19,1,1,0.99940145,2020-10-16,sensor
55000900167704,2020-10-20,1,1,0.99574846,2020-10-17,sensor
55000900167704,2020-10-21,1,1,0.9773959,2020-10-18,sensor
55000900167704,2020-10-22,0,0,0.9660447,2020-10-19,discharge_dry
55000900167704,2020-10-23,0,0,0.94015867,2020-10-20,discharge_dry
55000900167704,2020-10-24,0,0,0.84935665,2020-10-21,discharge_dry
55000900167704,2020-10-29,0,0,7.464189e-05,2020-10-26,discharge_dry
55000900167704,2020-10-30,0,0,8.392286e-05,2020-10-27,discharge_dry
55000900167704,2020-10-31,0,0,6.239007e-05,2020-10-28,discharge_dry
55000900167704,2020-11-01,0,0,6.227202e-05,2020-10-29,discharge_dry
55000900167704,2020-11-02,0,0,0.00013094736,2020-10-30,discharge_dry
55000900167704,2020-11-03,0,0,6.7791196e-05,2020-10-31,discharge_dry
55000900167704,2020-11-04,0,0,6.433519e-05,2020-11-01,discharge_dry
55000900167704,2020-11-08,0,0,0.0006903569,2020-11-05,discharge_dry
55000900167704,2020-11-09,0,0,0.00066869054,2020-11-06,discharge_dry
55000900201800,2020-09-11,1,1,0.99921095,2020-09-08,sensor
55000900201800,2020-09-12,1,1,0.9996729,2020-09-09,sensor
55000900201800,2020-09-13,1,1,0.99975604,2020-09-10,sensor
55000900201800,2020-09-14,1,1,0.99984264,2020-09-11,sensor
55000900201800,2020-09-15,1,1,0.99987316,2020-09-12,sensor
55000900201800,2020-09-16,1,1,0.9998741,2020-09-13,sensor
55000900201800,2020-09-17,1,1,0.999876,2020-09-14,sensor
55000900201800,2020-09-18,1,1,0.99988914,2020-09-15,sensor
55000900201800,2020-09-19,1,1,0.99988353,2020-09-16,sensor
55000900201800,2020-09-20,1,1,0.9998839,2020-09-17,sensor
55000900201800,2020-09-21,1,1,0.9998584,2020-09-18,sensor
55000900201800,2020-09-22,1,1,0.9998857,2020-09-19,sensor
55000900201800,2020-09-23,1,1,0.9999107,2020-09-20,sensor
55000900201800,2020-09-24,1,1,0.999897,2020-09-21,sensor
55000900201800,2020-09-25,1,1,0.99990225,2020-09-22,sensor
55000900201800,2020-09-26,1,1,0.99991417,2020-09-23,sensor
55000900201800,2020-09-27,1,1,0.9999169,2020-09-24,sensor
55000900201800,2020-09-28,1,1,0.99992824,2020-09-25,sensor
55000900201800,2020-09-29,1,1,0.9999176,2020-09-26,sensor
55000900201800,2020-09-30,1,1,0.99993956,2020-09-27,sensor
55000900201800,2020-10-01,1,1,0.99992204,2020-09-28,sensor
55000900201800,2020-10-02,1,1,0.99990344,2020-09-29,sensor
55000900201800,2020-10-03,1,1,0.99992144,2020-09-30,sensor
55000900201800,2020-10-04,1,1,0.9999279,2020-10-01,sensor
55000900201800,2020-10-05,1,1,0.99993145,2020-10-02,sensor
55000900201800,2020-10-06,1,1,0.9999341,2020-10-03,sensor
55000900201800,2020-10-07,1,1,0.9999336,2020-10-04,sensor
55000900201800,2020-10-08,1,1,0.9999312,2020-10-05,sensor
55000900201800,2020-10-09,1,1,0.9999236,2020-10-06,sensor
55000900201800,2020-10-11,1,1,0.99993074,2020-10-08,sensor
55000900201800,2020-10-12,1,1,0.9999347,2020-10-09,sensor
55000900201800,2020-10-13,1,1,0.9999231,2020-10-10,sensor
55000900201800,2020-10-14,1,1,0.9999242,2020-10-11,sensor
55000900201800,2020-10-15,1,1,0.99990857,2020-10-12,sensor
55000900201800,2020-10-16,1,1,0.9999312,2020-10-13,sensor
55000900201800,2020-10-17,1,1,0.99991524,2020-10-14,sensor
55000900201800,2020-10-18,1,1,0.99991775,2020-10-15,sensor
55000900201800,2020-10-19,1,1,0.9999126,2020-10-16,sensor
55000900201800,2020-10-20,1,1,0.9999205,2020-10-17,sensor
55000900201800,2020-10-21,1,1,0.9999397,2020-10-18,sensor
55000900201800,2020-10-22,1,1,0.99995196,2020-10-19,sensor
55000900201811,2020-09-11,1,1,0.999902,2020-09-08,sensor
55000900201811,2020-09-12,1,1,0.99990773,2020-09-09,sensor
55000900201811,2020-09-13,1,1,0.9999176,2020-09-10,sensor
55000900201811,2020-09-14,1,1,0.99993813,2020-09-11,sensor
55000900201811,2020-09-15,1,1,0.9999387,2020-09-12,sensor
55000900201811,2020-09-16,1,1,0.9999306,2020-09-13,sensor
55000900201811,2020-09-17,1,1,0.99992204,2020-09-14,sensor
55000900201811,2020-09-18,1,1,0.9998833,2020-09-15,sensor
55000900201811,2020-09-19,1,1,0.9998597,2020-09-16,sensor
55000900201811,2020-09-20,1,1,0.9998504,2020-09-17,sensor
55000900201811,2020-09-21,1,1,0.9998559,2020-09-18,sensor
55000900201811,2020-09-22,1,1,0.9998971,2020-09-19,sensor
55000900201811,2020-09-23,1,1,0.99991,2020-09-20,sensor
55000900201811,2020-09-24,1,1,0.99987125,2020-09-21,sensor
55000900201811,2020-09-25,1,1,0.99989426,2020-09-22,sensor
55000900201811,2020-09-26,1,1,0.99992204,2020-09-23,sensor
55000900201811,2020-09-27,1,1,0.9999144,2020-09-24,sensor
55000900201811,2020-09-28,1,1,0.9999261,2020-09-25,sensor
55000900201811,2020-09-29,1,1,0.9999354,2020-09-26,sensor
55000900201811,2020-09-30,1,1,0.9999331,2020-09-27,sensor
55000900201811,2020-10-01,1,1,0.99992657,2020-09-28,sensor
55000900201811,2020-10-02,1,1,0.999913,2020-09-29,sensor
55000900201811,2020-10-03,1,1,0.9999201,2020-09-30,sensor
55000900201811,2020-10-04,1,1,0.99991846,2020-10-01,sensor
55000900201811,2020-10-05,1,1,0.999912,2020-10-02,sensor
55000900201811,2020-10-06,1,1,0.9998919,2020-10-03,sensor
55000900201811,2020-10-07,1,1,0.9998486,2020-10-04,sensor
55000900201811,2020-10-08,1,1,0.99988925,2020-10-05,sensor
55000900201811,2020-10-09,1,1,0.9998963,2020-10-06,sensor
55000900201811,2020-10-10,1,1,0.9998753,2020-10-07,sensor
55000900201811,2020-10-11,1,1,0.9998349,2020-10-08,sensor
55000900201811,2020-10-12,1,1,0.9998603,2020-10-09,sensor
55000900201811,2020-10-13,1,1,0.9998493,2020-10-10,sensor
55000900201811,2020-10-14,1,1,0.99993944,2020-10-11,sensor
55000900201811,2020-10-15,1,1,0.9999325,2020-10-12,sensor
55000900201811,2020-10-16,1,1,0.99994016,2020-10-13,sensor
55000900201811,2020-10-17,1,1,0.99992895,2020-10-14,sensor
55000900201811,2020-10-18,1,1,0.9999273,2020-10-15,sensor
55000900201811,2020-10-19,1,1,0.9999001,2020-10-16,sensor
55000900201811,2020-10-20,1,1,0.99985504,2020-10-17,sensor
55000900201811,2020-10-21,1,1,0.9998573,2020-10-18,sensor
55000900201811,2020-10-22,1,1,0.9998996,2020-10-19,sensor
55000900201811,2020-10-23,1,1,0.9998839,2020-10-20,sensor
55000900202948,2020-09-11,1,1,0.99986434,2020-09-08,sensor
55000900202948,2020-09-12,1,1,0.9998816,2020-09-09,sensor
55000900202948,2020-09-13,1,1,0.9998869,2020-09-10,sensor
55000900202948,2020-09-14,1,1,0.99991715,2020-09-11,sensor
55000900202948,2020-09-15,1,1,0.9999281,2020-09-12,sensor
55000900202948,2020-09-16,1,1,0.99992526,2020-09-13,sensor
55000900202948,2020-09-17,1,1,0.99992955,2020-09-14,sensor
55000900202948,2020-09-18,1,1,0.9999378,2020-09-15,sensor
55000900202948,2020-09-19,1,1,0.99993324,2020-09-16,sensor
55000900202948,2020-09-20,1,1,0.9999354,2020-09-17,sensor
55000900202948,2020-09-21,1,1,0.999925,2020-09-18,sensor
55000900202948,2020-09-22,1,1,0.99994063,2020-09-19,sensor
55000900202948,2020-09-23,1,1,0.9999523,2020-09-20,sensor
55000900202948,2020-09-24,1,1,0.99995434,2020-09-21,sensor
55000900202948,2020-09-25,1,1,0.99995327,2020-09-22,sensor
55000900202948,2020-09-26,1,1,0.99995744,2020-09-23,sensor
55000900202948,2020-09-27,1,1,0.9999535,2020-09-24,sensor
55000900202948,2020-09-28,1,1,0.99995923,2020-09-25,sensor
55000900202948,2020-09-29,1,1,0.9999399,2020-09-26,sensor
55000900202948,2020-09-30,1,1,0.999956,2020-09-27,sensor
55000900202948,2020-10-01,1,1,0.99995375,2020-09-28,sensor
55000900202948,2020-10-02,1,1,0.99994075,2020-09-29,sensor
55000900202948,2020-10-03,1,1,0.9999403,2020-09-30,sensor
55000900202948,2020-10-04,1,1,0.999938,2020-10-01,sensor
55000900202948,2020-10-05,1,1,0.99994195,2020-10-02,sensor
55000900202948,2020-10-06,1,1,0.9999461,2020-10-03,sensor
55000900202948,2020-10-07,1,1,0.99994993,2020-10-04,sensor
55000900202948,2020-10-08,1,1,0.9999385,2020-10-05,sensor
55000900202948,2020-10-09,1,1,0.99993014,2020-10-06,sensor
55000900202948,2020-10-10,1,1,0.99994636,2020-10-07,sensor
55000900202948,2020-10-11,1,1,0.9999523,2020-10-08,sensor
55000900202948,2020-10-12,1,1,0.9999547,2020-10-09,sensor
55000900202948,2020-10-13,1,1,0.99995184,2020-10-10,sensor
55000900202948,2020-10-14,1,1,0.9999585,2020-10-11,sensor
55000900202948,2020-10-15,1,1,0.9999428,2020-10-12,sensor
55000900202948,2020-10-16,1,1,0.99995804,2020-10-13,sensor
55000900202948,2020-10-17,1,1,0.99993813,2020-10-14,sensor
55000900202948,2020-10-18,1,1,0.9999505,2020-10-15,sensor
55000900202948,2020-10-19,1,1,0.9999608,2020-10-16,sensor
55000900202948,2020-10-20,1,1,0.99994886,2020-10-17,sensor
55000900202948,2020-10-21,1,1,0.999941,2020-10-18,sensor
55000900202948,2020-10-22,1,1,0.9999473,2020-10-19,sensor
55000900202948,2020-10-23,1,1,0.9999472,2020-10-20,sensor
55000900233930,2020-09-11,1,1,0.9999337,2020-09-08,sensor
55000900233930,2020-09-12,1,1,0.9999337,2020-09-09,sensor
55000900233930,2020-09-13,1,1,0.9999337,2020-09-10,sensor
55000900233930,2020-09-14,1,1,0.9999337,2020-09-11,sensor
55000900233930,2020-09-15,1,1,0.9999337,2020-09-12,sensor
55000900233930,2020-09-16,1,1,0.9999337,2020-09-13,sensor
55000900233930,2020-09-17,1,1,0.9999337,2020-09-14,sensor
55000900233930,2020-09-18,1,1,0.9999337,2020-09-15,sensor
55000900233930,2020-09-19,1,1,0.9999337,2020-09-16,sensor
55000900233930,2020-09-20,1,1,0.9999337,2020-09-17,sensor
55000900233930,2020-09-21,1,1,0.9999337,2020-09-18,sensor
55000900233930,2020-09-22,1,1,0.9999337,2020-09-19,sensor
55000900233930,2020-09-23,1,1,0.9999337,2020-09-20,sensor
55000900233930,2020-09-24,1,1,0.9999337,2020-09-21,sensor
55000900233930,2020-09-25,1,1,0.9999337,2020-09-22,sensor
55000900233930,2020-09-26,1,1,0.9999337,2020-09-23,sensor
55000900233930,2020-09-27,1,1,0.9999337,2020-09-24,sensor
55000900233930,2020-09-28,1,1,0.9999337,2020-09-25,sensor
55000900233930,2020-09-29,1,1,0.9999337,2020-09-26,sensor
55000900233930,2020-09-30,1,1,0.9999337,2020-09-27,sensor
55000900233930,2020-10-01,1,1,0.9999337,2020-09-28,sensor
55000900233930,2020-10-02,1,1,0.9999337,2020-09-29,sensor
55000900233930,2020-10-03,1,1,0.9999337,2020-09-30,sensor
55000900233930,2020-10-04,1,1,0.9999337,2020-10-01,sensor
55000900233930,2020-10-05,1,1,0.9999337,2020-10-02,sensor
55000900233930,2020-10-06,1,1,0.9999337,2020-10-03,sensor
55000900233930,2020-10-07,1,1,0.9999337,2020-10-04,sensor
55000900233930,2020-10-08,1,1,0.9999337,2020-10-05,sensor
55000900233930,2020-10-09,1,1,0.9999337,2020-10-06,sensor
55000900233930,2020-10-10,1,1,0.9999337,2020-10-07,sensor
55000900233930,2020-10-11,1,1,0.9999337,2020-10-08,sensor
55000900233930,2020-10-12,1,1,0.9999337,2020-10-09,sensor
55000900233930,2020-10-13,1,1,0.9999337,2020-10-10,sensor
55000900233930,2020-10-14,1,1,0.9999337,2020-10-11,sensor
55000900233930,2020-10-15,1,1,0.9999337,2020-10-12,sensor
55000900233930,2020-10-16,1,1,0.9999337,2020-10-13,sensor
55000900233930,2020-10-17,1,1,0.9999337,2020-10-14,sensor
55000900233930,2020-10-18,1,1,0.9999337,2020-10-15,sensor
55000900233930,2020-10-19,1,1,0.9999337,2020-10-16,sensor
55000900233930,2020-10-20,1,1,0.9999337,2020-10-17,sensor
55000900233930,2020-10-21,1,1,0.9999337,2020-10-18,sensor
55000900233930,2020-10-22,1,1,0.9999337,2020-10-19,sensor
55000900233930,2020-10-23,1,1,0.9999337,2020-10-20,sensor
55000900233930,2020-10-24,1,1,0.9999337,2020-10-21,sensor
55000900233930,2020-10-25,1,1,0.9999337,2020-10-22,sensor
55000900233930,2020-10-26,1,1,0.9999337,2020-10-23,sensor
55000900233930,2020-10-27,1,1,0.9999337,2020-10-24,sensor
55000900233930,2020-10-28,1,1,0.9999337,2020-10-25,sensor
55000900235848,2020-09-11,1,1,0.9999517,2020-09-08,sensor
55000900235848,2020-09-12,1,1,0.999954,2020-09-09,sensor
55000900235848,2020-09-13,1,1,0.99994814,2020-09-10,sensor
55000900235848,2020-09-14,1,1,0.99994135,2020-09-11,sensor
55000900235848,2020-09-15,1,1,0.9999404,2020-09-12,sensor
55000900235848,2020-09-16,1,1,0.9999374,2020-09-13,sensor
55000900235848,2020-09-17,1,1,0.9999331,2020-09-14,sensor
55000900235848,2020-09-18,1,1,0.9999229,2020-09-15,sensor
55000900235848,2020-09-19,1,1,0.9999238,2020-09-16,sensor
55000900235848,2020-09-20,1,1,0.99992657,2020-09-17,sensor
55000900235848,2020-09-21,1,1,0.9999491,2020-09-18,sensor
55000900235848,2020-09-22,1,1,0.9999558,2020-09-19,sensor
55000900235848,2020-09-23,1,1,0.99994516,2020-09-20,sensor
55000900235848,2020-09-24,1,1,0.99994504,2020-09-21,sensor
55000900235848,2020-09-25,1,1,0.9999515,2020-09-22,sensor
55000900235848,2020-09-26,1,1,0.99996066,2020-09-23,sensor
55000900235848,2020-09-27,1,1,0.9999635,2020-09-24,sensor
55000900235848,2020-09-28,1,1,0.9999733,2020-09-25,sensor
55000900235848,2020-09-29,1,1,0.9999641,2020-09-26,sensor
55000900235848,2020-09-30,1,1,0.99995327,2020-09-27,sensor
55000900235848,2020-10-01,1,1,0.9999684,2020-09-28,sensor
55000900235848,2020-10-02,1,1,0.9999608,2020-09-29,sensor
55000900235848,2020-10-03,1,1,0.9999541,2020-09-30,sensor
55000900235848,2020-10-04,1,1,0.9999474,2020-10-01,sensor
55000900235848,2020-10-05,1,1,0.99993956,2020-10-02,sensor
55000900235848,2020-10-06,1,1,0.9999362,2020-10-03,sensor
55000900235848,2020-10-07,1,1,0.9999325,2020-10-04,sensor
55000900235848,2020-10-08,1,1,0.99994683,2020-10-05,sensor
55000900235848,2020-10-09,1,1,0.99995005,2020-10-06,sensor
55000900235848,2020-10-10,1,1,0.9999206,2020-10-07,sensor
55000900235848,2020-10-11,1,1,0.9999151,2020-10-08,sensor
55000900235848,2020-10-12,1,1,0.9999212,2020-10-09,sensor
55000900235848,2020-10-13,1,1,0.99995947,2020-10-10,sensor
55000900235848,2020-10-14,1,1,0.9999701,2020-10-11,sensor
55000900235848,2020-10-15,1,1,0.9999604,2020-10-12,sensor
55000900235848,2020-10-16,1,1,0.9999739,2020-10-13,sensor
55000900235848,2020-10-17,1,1,0.99996173,2020-10-14,sensor
55000900235848,2020-10-18,1,1,0.999944,2020-10-15,sensor
55000900235848,2020-10-19,1,1,0.9999449,2020-10-16,sensor
55000900235848,2020-10-20,1,1,0.99994266,2020-10-17,sensor
55000900235848,2020-10-21,1,1,0.9999453,2020-10-18,sensor
55000900236525,2020-09-11,1,1,0.9953751,2020-09-08,sensor
55000900236525,2020-09-12,1,1,0.9990151,2020-09-09,sensor
55000900236525,2020-09-13,1,1,0.9991763,2020-09-10,sensor
55000900236525,2020-09-14,1,1,0.99931014,2020-09-11,sensor
55000900236525,2020-09-15,1,1,0.99944836,2020-09-12,sensor
55000900236525,2020-09-16,1,1,0.99964094,2020-09-13,sensor
55000900236525,2020-09-17,1,1,0.99939966,2020-09-14,sensor
55000900236525,2020-09-18,1,1,0.9986659,2020-09-15,sensor
55000900236525,2020-09-19,1,1,0.9956045,2020-09-16,sensor
55000900236525,2020-09-20,1,1,0.9960077,2020-09-17,sensor
55000900236525,2020-09-21,1,1,0.9969997,2020-09-18,sensor
55000900236525,2020-09-22,1,1,0.99570787,2020-09-19,sensor
55000900236525,2020-09-23,1,1,0.99197584,2020-09-20,sensor
55000900236525,2020-09-24,1,1,0.99757725,2020-09-21,sensor
55000900236525,2020-09-25,1,1,0.9986584,2020-09-22,sensor
55000900236525,2020-09-26,1,1,0.99853086,2020-09-23,sensor
55000900236525,2020-09-27,1,1,0.9994357,2020-09-24,sensor
55000900236525,2020-09-28,1,1,0.99950194,2020-09-25,sensor
55000900236525,2020-09-29,1,1,0.9997037,2020-09-26,sensor
55000900236525,2020-09-30,1,1,0.9994203,2020-09-27,sensor
55000900236525,2020-10-01,1,1,0.99958926,2020-09-28,sensor
55000900236525,2020-10-02,1,1,0.99985135,2020-09-29,sensor
55000900236525,2020-10-03,1,1,0.9998584,2020-09-30,sensor
55000900236525,2020-10-04,1,1,0.9998386,2020-10-01,sensor
55000900236525,2020-10-05,1,1,0.9997403,2020-10-02,sensor
55000900236525,2020-10-06,1,1,0.99950194,2020-10-03,sensor
55000900236525,2020-10-07,1,1,0.9989022,2020-10-04,sensor
55000900236525,2020-10-08,1,1,0.99830866,2020-10-05,sensor
55000900236525,2020-10-09,1,1,0.9965976,2020-10-06,sensor
55000900236525,2020-10-10,1,1,0.99473864,2020-10-07,sensor
55000900236525,2020-10-11,1,1,0.986979,2020-10-08,sensor
55000900236525,2020-10-12,1,1,0.96069026,2020-10-09,sensor
55000900236525,2020-10-13,1,1,0.9835345,2020-10-10,sensor
55000900236525,2020-10-14,1,1,0.9983146,2020-10-11,sensor
55000900236525,2020-10-15,1,1,0.9993604,2020-10-12,sensor
55000900236525,2020-10-16,1,1,0.9995653,2020-10-13,sensor
55000900236525,2020-10-17,1,1,0.9997396,2020-10-14,sensor
55000900236525,2020-10-18,1,1,0.99884063,2020-10-15,sensor
55000900236525,2020-10-19,1,1,0.9993493,2020-10-16,sensor
55000900236525,2020-10-20,1,1,0.9992964,2020-10-17,sensor
55000900237668,2020-09-11,0,1,0.013121753,2020-09-08,sensor
55000900237668,2020-09-12,0,1,0.013249708,2020-09-09,sensor
55000900237668,2020-09-13,0,1,0.01358889,2020-09-10,sensor
55000900237668,2020-09-14,0,1,0.013544566,2020-09-11,sensor
55000900237668,2020-09-15,0,1,0.013417867,2020-09-12,sensor
55000900237668,2020-09-16,0,1,0.013465223,2020-09-13,sensor
55000900237668,2020-09-17,0,1,0.013454666,2020-09-14,sensor
55000900237668,2020-09-18,0,1,0.01350854,2020-09-15,sensor
55000900237668,2020-09-19,0,1,0.013360872,2020-09-16,sensor
55000900237668,2020-09-20,0,1,0.014662393,2020-09-17,sensor
55000900237668,2020-09-21,0,1,0.04606667,2020-09-18,sensor
55000900237668,2020-09-22,0,1,0.4536516,2020-09-19,sensor
55000900237668,2020-09-23,0,1,0.13994719,2020-09-20,sensor
55000900237668,2020-09-24,0,1,0.042415302,2020-09-21,sensor
55000900237668,2020-09-25,0,1,0.06282126,2020-09-22,sensor
55000900237668,2020-09-26,0,1,0.16391318,2020-09-23,sensor
55000900237668,2020-09-27,0,1,0.5866656,2020-09-24,sensor
55000900237668,2020-09-28,0,1,0.95061135,2020-09-25,sensor
55000900237668,2020-09-29,0,1,0.9773877,2020-09-26,sensor
55000900237668,2020-09-30,0,1,0.72362125,2020-09-27,sensor
55000900237668,2020-10-01,0,1,0.05610527,2020-09-28,sensor
55000900237668,2020-10-02,0,1,0.03488682,2020-09-29,sensor
55000900237668,2020-10-03,0,1,0.05170442,2020-09-30,sensor
55000900237668,2020-10-04,0,1,0.07810808,2020-10-01,sensor
55000900237668,2020-10-05,0,1,0.08481366,2020-10-02,sensor
55000900237668,2020-10-06,0,1,0.07939901,2020-10-03,sensor
55000900237668,2020-10-07,0,1,0.07926156,2020-10-04,sensor
55000900237668,2020-10-08,0,1,0.09019556,2020-10-05,sensor
55000900237668,2020-10-09,0,1,0.1322631,2020-10-06,sensor
55000900237668,2020-10-10,0,1,0.10591596,2020-10-07,sensor
55000900237668,2020-10-11,1,1,0.17465323,2020-10-08,sensor
55000900237668,2020-10-12,1,1,0.2598715,2020-10-09,sensor
55000900237668,2020-10-13,1,1,0.93022746,2020-10-10,sensor
55000900237668,2020-10-14,1,1,0.9967399,2020-10-11,sensor
55000900237668,2020-10-15,1,1,0.9983748,2020-10-12,sensor
55000900237668,2020-10-16,0,1,0.9992539,2020-10-13,sensor
55000900237668,2020-10-17,0,1,0.9985103,2020-10-14,sensor
55000900237668,2020-10-18,0,1,0.95385,2020-10-15,sensor
55000900237668,2020-10-19,0,1,0.58698374,2020-10-16,sensor
55000900237668,2020-10-20,0,1,0.65957266,2020-10-17,sensor
55000900237668,2020-10-21,0,1,0.9347986,2020-10-18,sensor
55000900237668,2020-10-22,0,1,0.87908417,2020-10-19,sensor
55000900237668,2020-10-23,0,1,0.83281904,2020-10-20,sensor
55000900237668,2020-10-24,1,1,0.9123316,2020-10-21,sensor
55000900237668,2020-10-25,0,1,0.54853547,2020-10-22,sensor
55000900237668,2020-10-26,0,1,0.18279259,2020-10-23,sensor
55000900237668,2020-10-27,0,1,0.98955125,2020-10-24,sensor
55000900237668,2020-10-28,0,1,0.9191705,2020-10-25,sensor
55000900271029,2020-09-11,1,1,0.9998154,2020-09-08,sensor
55000900271029,2020-09-12,1,1,0.9998599,2020-09-09,sensor
55000900271029,2020-09-13,1,1,0.999882,2020-09-10,sensor
55000900271029,2020-09-14,1,1,0.99990535,2020-09-11,sensor
55000900271029,2020-09-15,1,1,0.9999057,2020-09-12,sensor
55000900271029,2020-09-16,1,1,0.9999026,2020-09-13,sensor
55000900271029,2020-09-17,1,1,0.99989676,2020-09-14,sensor
55000900271029,2020-09-18,1,1,0.9998536,2020-09-15,sensor
55000900271029,2020-09-19,1,1,0.9997073,2020-09-16,sensor
55000900271029,2020-09-20,1,1,0.99933463,2020-09-17,sensor
55000900271029,2020-09-21,1,1,0.9987056,2020-09-18,sensor
55000900271029,2020-09-22,1,1,0.99924904,2020-09-19,sensor
55000900271029,2020-09-23,1,1,0.9994605,2020-09-20,sensor
55000900271029,2020-09-24,1,1,0.99965596,2020-09-21,sensor
55000900271029,2020-09-25,1,1,0.9996834,2020-09-22,sensor
55000900271029,2020-09-26,1,1,0.99967575,2020-09-23,sensor
55000900271029,2020-09-27,1,1,0.99973387,2020-09-24,sensor
55000900271029,2020-09-28,1,1,0.99975187,2020-09-25,sensor
55000900271029,2020-09-29,1,1,0.9998117,2020-09-26,sensor
55000900271029,2020-09-30,1,1,0.99978906,2020-09-27,sensor
55000900271029,2020-10-01,1,1,0.9998549,2020-09-28,sensor
55000900271029,2020-10-02,1,1,0.99990785,2020-09-29,sensor
55000900271029,2020-10-03,1,1,0.99991846,2020-09-30,sensor
55000900271029,2020-10-04,1,1,0.9999175,2020-10-01,sensor
55000900271029,2020-10-05,1,1,0.99991167,2020-10-02,sensor
55000900271029,2020-10-06,1,1,0.99987936,2020-10-03,sensor
55000900271029,2020-10-07,1,1,0.9997515,2020-10-04,sensor
55000900271029,2020-10-08,1,1,0.9997869,2020-10-05,sensor
55000900271029,2020-10-09,1,1,0.99985135,2020-10-06,sensor
55000900271029,2020-10-10,1,1,0.9997296,2020-10-07,sensor
55000900271029,2020-10-11,1,1,0.9995109,2020-10-08,sensor
55000900271029,2020-10-12,1,1,0.9983346,2020-10-09,sensor
55000900271029,2020-10-13,1,1,0.99916124,2020-10-10,sensor
55000900271029,2020-10-14,1,1,0.9997383,2020-10-11,sensor
55000900271029,2020-10-15,1,1,0.9998111,2020-10-12,sensor
55000900271029,2020-10-16,1,1,0.9999068,2020-10-13,sensor
55000900271029,2020-10-17,1,1,0.9998173,2020-10-14,sensor
55000900271029,2020-10-18,1,1,0.999731,2020-10-15,sensor
55000900271029,2020-10-19,1,1,0.99988556,2020-10-16,sensor
55000900271029,2020-10-20,1,1,0.99974114,2020-10-17,sensor
55000900271029,2020-10-21,1,1,0.9994797,2020-10-18,sensor
55000900271031,2020-09-15,0,0,9.6612006e-05,2020-09-12,discharge_dry
55000900271031,2020-09-16,0,0,9.117966e-05,2020-09-13,discharge_dry
55000900271031,2020-09-17,0,0,9.623768e-05,2020-09-14,discharge_dry
55000900271031,2020-09-22,0,0,0.00031888662,2020-09-19,discharge_dry
55000900271031,2020-10-03,0,0,9.6674856e-05,2020-09-30,discharge_dry
55000900271031,2020-10-04,0,0,8.437705e-05,2020-10-01,discharge_dry
55000900271031,2020-10-05,0,0,8.186208e-05,2020-10-02,discharge_dry
55000900271031,2020-10-06,0,0,8.157562e-05,2020-10-03,discharge_dry
55000900271031,2020-10-07,0,0,8.951999e-05,2020-10-04,discharge_dry
55000900271031,2020-10-08,0,0,8.1270635e-05,2020-10-05,discharge_dry
55000900271031,2020-10-09,0,0,8.191393e-05,2020-10-06,discharge_dry
55000900271031,2020-10-15,0,0,0.5677,2020-10-12,discharge_dry
55000900271031,2020-10-16,0,0,0.92381907,2020-10-13,discharge_dry
55000900271031,2020-10-17,0,0,0.84278667,2020-10-14,discharge_dry
55000900271031,2020-10-18,0,0,0.27916804,2020-10-15,discharge_dry
55000900271031,2020-10-19,0,0,0.00944209,2020-10-16,discharge_dry
55000900271031,2020-10-20,0,0,0.00047713515,2020-10-17,discharge_dry
55000900271031,2020-10-21,0,0,0.0007293716,2020-10-18,discharge_dry
55000900271031,2020-10-22,0,0,0.0002749882,2020-10-19,discharge_dry
55000900271031,2020-10-23,0,0,0.0002037325,2020-10-20,discharge_dry
55000900271031,2020-10-24,0,0,0.0003705536,2020-10-21,discharge_dry
55000900271031,2020-10-25,0,0,0.00021054913,2020-10-22,discharge_dry
55000900271031,2020-10-26,0,0,0.0001281825,2020-10-23,discharge_dry
55000900271031,2020-10-27,0,0,0.0005887193,2020-10-24,discharge_dry
55000900271635,2020-09-11,1,1,0.99902964,2020-09-08,sensor
55000900271635,2020-09-12,1,1,0.99777514,2020-09-09,sensor
55000900271635,2020-09-13,1,1,0.9973207,2020-09-10,sensor
55000900271635,2020-09-14,1,1,0.9975313,2020-09-11,sensor
55000900271635,2020-09-15,1,1,0.9981957,2020-09-12,sensor
55000900271635,2020-09-16,1,1,0.9984091,2020-09-13,sensor
55000900271635,2020-09-17,1,1,0.9985072,2020-09-14,sensor
55000900271635,2020-09-18,1,1,0.9990501,2020-09-15,sensor
55000900271635,2020-09-19,1,1,0.9994549,2020-09-16,sensor
55000900271635,2020-09-20,1,1,0.999637,2020-09-17,sensor
55000900271635,2020-09-21,1,1,0.99966407,2020-09-18,sensor
55000900271635,2020-09-22,1,1,0.99976975,2020-09-19,sensor
55000900271635,2020-09-23,1,1,0.9998155,2020-09-20,sensor
55000900271635,2020-09-24,1,1,0.9998241,2020-09-21,sensor
55000900271635,2020-09-25,1,1,0.99983096,2020-09-22,sensor
55000900271635,2020-09-26,1,1,0.99984443,2020-09-23,sensor
55000900271635,2020-09-27,1,1,0.9998456,2020-09-24,sensor
55000900271635,2020-09-28,1,1,0.99983704,2020-09-25,sensor
55000900271635,2020-09-29,1,1,0.99984086,2020-09-26,sensor
55000900271635,2020-09-30,1,1,0.9998636,2020-09-27,sensor
55000900271635,2020-10-01,1,1,0.999864,2020-09-28,sensor
55000900271635,2020-10-02,1,1,0.999824,2020-09-29,sensor
55000900271635,2020-10-03,1,1,0.99982554,2020-09-30,sensor
55000900271635,2020-10-04,1,1,0.9998306,2020-10-01,sensor
55000900271635,2020-10-05,1,1,0.99982005,2020-10-02,sensor
55000900271635,2020-10-06,1,1,0.9998221,2020-10-03,sensor
55000900271635,2020-10-07,1,1,0.9998324,2020-10-04,sensor
55000900271635,2020-10-08,1,1,0.9998338,2020-10-05,sensor
55000900271635,2020-10-09,1,1,0.9998281,2020-10-06,sensor
55000900271635,2020-10-10,1,1,0.99977976,2020-10-07,sensor
55000900271635,2020-10-11,1,1,0.9998147,2020-10-08,sensor
55000900271635,2020-10-12,1,1,0.9998323,2020-10-09,sensor
55000900271635,2020-10-13,1,1,0.9998136,2020-10-10,sensor
55000900271635,2020-10-14,1,1,0.99983144,2020-10-11,sensor
55000900271635,2020-10-15,1,1,0.99982506,2020-10-12,sensor
55000900271635,2020-10-16,1,1,0.9998386,2020-10-13,sensor
55000900271635,2020-10-17,1,1,0.99980325,2020-10-14,sensor
55000900271635,2020-10-18,1,1,0.99976784,2020-10-15,sensor
55000900271635,2020-10-19,1,1,0.99980325,2020-10-16,sensor
55000900271635,2020-10-20,1,1,0.9997979,2020-10-17,sensor
55000900271635,2020-10-21,1,1,0.9997998,2020-10-18,sensor
55000900271635,2020-10-22,1,1,0.9998203,2020-10-19,sensor
55000900272209,2020-09-11,1,1,0.999801,2020-09-08,sensor
55000900272209,2020-09-12,1,1,0.9999027,2020-09-09,sensor
55000900272209,2020-09-13,1,1,0.99991155,2020-09-10,sensor
55000900272209,2020-09-14,1,1,0.9999033,2020-09-11,sensor
55000900272209,2020-09-15,1,1,0.9998957,2020-09-12,sensor
55000900272209,2020-09-16,1,1,0.99989736,2020-09-13,sensor
55000900272209,2020-09-17,1,1,0.9998882,2020-09-14,sensor
55000900272209,2020-09-18,1,1,0.9998485,2020-09-15,sensor
55000900272209,2020-09-19,1,1,0.9997255,2020-09-16,sensor
55000900272209,2020-09-20,1,1,0.9995641,2020-09-17,sensor
55000900272209,2020-09-21,1,1,0.9994118,2020-09-18,sensor
55000900272209,2020-09-22,1,1,0.99940276,2020-09-19,sensor
55000900272209,2020-09-23,1,1,0.99903154,2020-09-20,sensor
55000900272209,2020-09-24,1,1,0.9995023,2020-09-21,sensor
55000900272209,2020-09-25,1,1,0.99955076,2020-09-22,sensor
55000900272209,2020-09-26,1,1,0.9996755,2020-09-23,sensor
55000900272209,2020-09-27,1,1,0.99973005,2020-09-24,sensor
55000900272209,2020-09-28,1,1,0.9997967,2020-09-25,sensor
55000900272209,2020-09-29,1,1,0.9997843,2020-09-26,sensor
55000900272209,2020-09-30,1,1,0.9996233,2020-09-27,sensor
55000900272209,2020-10-01,1,1,0.99987173,2020-09-28,sensor
55000900272209,2020-10-02,1,1,0.9999298,2020-09-29,sensor
55000900272209,2020-10-03,1,1,0.9999299,2020-09-30,sensor
55000900272209,2020-10-04,1,1,0.99993277,2020-10-01,sensor
55000900272209,2020-10-05,1,1,0.999928,2020-10-02,sensor
55000900272209,2020-10-06,1,1,0.9999124,2020-10-03,sensor
55000900272209,2020-10-07,1,1,0.9998492,2020-10-04,sensor
55000900272209,2020-10-08,1,1,0.99991,2020-10-05,sensor
55000900272209,2020-10-09,1,1,0.99992335,2020-10-06,sensor
55000900272209,2020-10-10,1,1,0.99979347,2020-10-07,sensor
55000900272209,2020-10-11,1,1,0.9994337,2020-10-08,sensor
55000900272209,2020-10-12,1,1,0.99900275,2020-10-09,sensor
55000900272209,2020-10-13,1,1,0.99978024,2020-10-10,sensor
55000900272209,2020-10-14,1,1,0.9998349,2020-10-11,sensor
55000900272209,2020-10-15,1,1,0.99983263,2020-10-12,sensor
55000900272209,2020-10-16,1,1,0.9998616,2020-10-13,sensor
55000900272209,2020-10-17,1,1,0.9997571,2020-10-14,sensor
55000900272209,2020-10-18,1,1,0.9996692,2020-10-15,sensor
55000900272209,2020-10-19,1,1,0.9998764,2020-10-16,sensor
55000900272209,2020-10-20,1,1,0.9997366,2020-10-17,sensor
55000900272714,2020-09-11,1,1,0.999907,2020-09-08,sensor
55000900272714,2020-09-12,1,1,0.9999217,2020-09-09,sensor
55000900272714,2020-09-13,1,1,0.99991274,2020-09-10,sensor
55000900272714,2020-09-14,1,1,0.9998964,2020-09-11,sensor
55000900272714,2020-09-15,1,1,0.9999027,2020-09-12,sensor
55000900272714,2020-09-16,1,1,0.99990964,2020-09-13,sensor
55000900272714,2020-09-17,1,1,0.99990654,2020-09-14,sensor
55000900272714,2020-09-18,1,1,0.999905,2020-09-15,sensor
55000900272714,2020-09-19,1,1,0.99991095,2020-09-16,sensor
55000900272714,2020-09-20,1,1,0.99991345,2020-09-17,sensor
55000900272714,2020-09-21,1,1,0.99991286,2020-09-18,sensor
55000900272714,2020-09-22,1,1,0.99992776,2020-09-19,sensor
55000900272714,2020-09-23,1,1,0.99994445,2020-09-20,sensor
55000900272714,2020-09-24,1,1,0.99994135,2020-09-21,sensor
55000900272714,2020-09-25,1,1,0.9999434,2020-09-22,sensor
55000900272714,2020-09-26,1,1,0.9999554,2020-09-23,sensor
55000900272714,2020-09-27,1,1,0.9999523,2020-09-24,sensor
55000900272714,2020-09-28,1,1,0.9999629,2020-09-25,sensor
55000900272714,2020-09-29,1,1,0.9999497,2020-09-26,sensor
55000900272714,2020-09-30,1,1,0.99996376,2020-09-27,sensor
55000900272714,2020-10-01,1,1,0.9999602,2020-09-28,sensor
55000900272714,2020-10-02,1,1,0.9999498,2020-09-29,sensor
55000900272714,2020-10-03,1,1,0.99994767,2020-09-30,sensor
55000900272714,2020-10-04,1,1,0.99994624,2020-10-01,sensor
55000900272714,2020-10-05,1,1,0.9999423,2020-10-02,sensor
55000900272714,2020-10-06,1,1,0.9999398,2020-10-03,sensor
55000900272714,2020-10-07,1,1,0.9999385,2020-10-04,sensor
55000900272714,2020-10-08,1,1,0.9999502,2020-10-05,sensor
55000900272714,2020-10-09,1,1,0.9999486,2020-10-06,sensor
55000900272714,2020-10-10,1,1,0.9999323,2020-10-07,sensor
55000900272714,2020-10-11,1,1,0.9999362,2020-10-08,sensor
55000900272714,2020-10-12,1,1,0.9999473,2020-10-09,sensor
55000900272714,2020-10-13,1,1,0.9999492,2020-10-10,sensor
55000900272714,2020-10-14,1,1,0.999956,2020-10-11,sensor
55000900272714,2020-10-15,1,1,0.9999449,2020-10-12,sensor
55000900272714,2020-10-16,1,1,0.99995756,2020-10-13,sensor
55000900272714,2020-10-17,1,1,0.99994683,2020-10-14,sensor
55000900272714,2020-10-18,1,1,0.9999511,2020-10-15,sensor
55000900272714,2020-10-19,1,1,0.9999548,2020-10-16,sensor
55000900272714,2020-10-20,1,1,0.99994445,2020-10-17,sensor
55000900272714,2020-10-21,1,1,0.99994206,2020-10-18,sensor
