site,target_date,issue_date,true_wet,prob_wet
55000900029021,2020-09-18,2020-09-15,1,0.9568822
55000900029021,2020-09-19,2020-09-16,1,0.95632374
55000900029021,2020-09-20,2020-09-17,1,0.9551605
55000900029021,2020-09-21,2020-09-18,1,0.95233244
55000900029021,2020-09-22,2020-09-19,1,0.9508276
55000900029021,2020-09-23,2020-09-20,1,0.9501088
55000900029021,2020-09-24,2020-09-21,1,0.9497214
55000900029021,2020-09-25,2020-09-22,1,0.94919086
55000900029021,2020-09-26,2020-09-23,1,0.9454874
55000900029021,2020-09-27,2020-09-24,1,0.9446935
55000900029021,2020-09-28,2020-09-25,1,0.93989533
55000900029021,2020-09-29,2020-09-26,1,0.94145375
55000900029021,2020-09-30,2020-09-27,1,0.94180137
55000900029021,2020-10-01,2020-09-28,1,0.94635904
55000900029021,2020-10-02,2020-09-29,1,0.95037884
55000900029021,2020-10-03,2020-09-30,1,0.95322883
55000900029021,2020-10-04,2020-10-01,1,0.955263
55000900029021,2020-10-05,2020-10-02,1,0.956045
55000900029021,2020-10-06,2020-10-03,1,0.9562964
55000900029021,2020-10-07,2020-10-04,1,0.9558211
55000900029021,2020-10-08,2020-10-05,1,0.956714
55000900029021,2020-10-09,2020-10-06,1,0.95755315
55000900029021,2020-10-10,2020-10-07,1,0.95668966
55000900029021,2020-10-11,2020-10-08,1,0.955454
55000900029021,2020-10-12,2020-10-09,1,0.954555
55000900029021,2020-10-13,2020-10-10,1,0.94745195
55000900029021,2020-10-14,2020-10-11,1,0.94477624
55000900029021,2020-10-15,2020-10-12,1,0.9446328
55000900029021,2020-10-16,2020-10-13,1,0.93937004
55000900029021,2020-10-17,2020-10-14,1,0.9414123
55000900029021,2020-10-18,2020-10-15,1,0.94223535
55000900029021,2020-10-19,2020-10-16,1,0.9432232
55000900030173,2020-09-18,2020-09-15,1,0.9559298
55000900030173,2020-09-19,2020-09-16,1,0.9555
55000900030173,2020-09-20,2020-09-17,1,0.954588
55000900030173,2020-09-21,2020-09-18,1,0.95140487
55000900030173,2020-09-22,2020-09-19,1,0.95088106
55000900030173,2020-09-23,2020-09-20,1,0.950151
55000900030173,2020-09-24,2020-09-21,1,0.9499752
55000900030173,2020-09-25,2020-09-22,1,0.9493652
55000900030173,2020-09-26,2020-09-23,1,0.9435873
55000900030173,2020-09-27,2020-09-24,1,0.944525
55000900030173,2020-09-28,2020-09-25,1,0.93808424
55000900030173,2020-09-29,2020-09-26,1,0.94167465
55000900030173,2020-09-30,2020-09-27,1,0.9414285
55000900030173,2020-10-01,2020-09-28,1,0.94541514
55000900030173,2020-10-02,2020-09-29,1,0.9492136
55000900030173,2020-10-03,2020-09-30,1,0.9520284
55000900030173,2020-10-04,2020-10-01,1,0.9539575
55000900030173,2020-10-05,2020-10-02,1,0.9547491
55000900030173,2020-10-06,2020-10-03,1,0.9550488
55000900030173,2020-10-07,2020-10-04,1,0.954778
55000900030173,2020-10-08,2020-10-05,1,0.9554694
55000900030173,2020-10-09,2020-10-06,1,0.9562093
55000900030173,2020-10-10,2020-10-07,1,0.95574224
55000900030173,2020-10-11,2020-10-08,1,0.9548195
55000900030173,2020-10-12,2020-10-09,1,0.95414716
55000900030173,2020-10-13,2020-10-10,1,0.94635725
55000900030173,2020-10-14,2020-10-11,1,0.9430339
55000900030173,2020-10-15,2020-10-12,1,0.94448924
55000900030173,2020-10-16,2020-10-13,1,0.93869317
55000900030173,2020-10-17,2020-10-14,1,0.9416683
55000900030173,2020-10-18,2020-10-15,1,0.94228727
55000900030173,2020-10-19,2020-10-16,1,0.9433899
55000900030173,2020-10-20,2020-10-17,1,0.94275576
55000900030173,2020-10-21,2020-10-18,1,0.94223535
55000900030173,2020-10-22,2020-10-19,1,0.94090337
55000900030173,2020-10-23,2020-10-20,1,0.9397657
55000900096564,2020-09-20,2020-09-15,1,0.94621557
55000900096564,2020-09-21,2020-09-16,1,0.9453011
55000900096564,2020-09-22,2020-09-17,1,0.9441459
55000900096564,2020-09-27,2020-09-20,1,0.94304144
55000900096564,2020-09-28,2020-09-21,1,0.9420347
55000900096564,2020-09-29,2020-09-22,1,0.9410733
55000900096564,2020-09-30,2020-09-27,1,0.9402462
55000900096564,2020-10-01,2020-09-28,1,0.94192606
55000900096564,2020-10-02,2020-09-29,1,0.9445014
55000900096564,2020-10-03,2020-09-30,1,0.9462172
55000900096564,2020-10-04,2020-10-01,1,0.94729877
55000900096564,2020-10-05,2020-10-02,1,0.9474969
55000900096564,2020-10-06,2020-10-03,1,0.9470129
55000900096564,2020-10-07,2020-10-04,1,0.94603425
55000900096564,2020-10-08,2020-10-05,1,0.9462103
55000900096564,2020-10-09,2020-10-06,1,0.9474362
55000900096564,2020-10-11,2020-10-07,1,0.94651335
55000900096564,2020-10-13,2020-10-08,0,0.94522893
55000900096564,2020-10-15,2020-10-09,1,0.9438602
55000900096564,2020-10-16,2020-10-11,1,0.941956
55000900096564,2020-10-17,2020-10-13,1,0.9374419
55000900096564,2020-10-18,2020-10-15,1,0.938483
55000900096564,2020-10-19,2020-10-16,1,0.9372724
55000900096564,2020-10-20,2020-10-17,1,0.93598634
55000900096564,2020-10-22,2020-10-18,1,0.93480736
55000900096564,2020-10-25,2020-10-19,1,0.93330824
55000900096564,2020-10-26,2020-10-20,1,0.9319616
55000900096564,2020-10-27,2020-10-22,1,0.93078554
55000900096564,2020-10-28,2020-10-25,1,0.92991173
55000900097164,2020-09-18,2020-09-15,0,0.021449529
55000900097164,2020-09-19,2020-09-16,0,0.021434246
55000900097164,2020-09-20,2020-09-17,0,0.02170982
55000900097164,2020-09-21,2020-09-18,0,0.023618255
55000900097164,2020-09-22,2020-09-19,0,0.02438892
55000900097164,2020-09-23,2020-09-20,0,0.02411045
55000900097164,2020-09-24,2020-09-21,0,0.023966251
55000900097164,2020-09-25,2020-09-22,0,0.023901576
55000900097164,2020-09-26,2020-09-23,0,0.0298343
55000900097164,2020-09-27,2020-09-24,0,0.031010782
55000900097164,2020-09-28,2020-09-25,0,0.03997269
55000900097164,2020-09-29,2020-09-26,0,0.041706156
55000900097164,2020-09-30,2020-09-27,0,0.04238242
55000900097164,2020-10-01,2020-09-28,0,0.038794618
55000900097164,2020-10-02,2020-09-29,0,0.03364391
55000900097164,2020-10-03,2020-09-30,0,0.029709954
55000900097164,2020-10-04,2020-10-01,0,0.027002223
55000900097164,2020-10-05,2020-10-02,0,0.025445081
55000900097164,2020-10-06,2020-10-03,0,0.024452774
55000900097164,2020-10-07,2020-10-04,0,0.023760704
55000900097164,2020-10-08,2020-10-05,0,0.022838248
55000900097164,2020-10-09,2020-10-06,0,0.02233909
55000900097164,2020-10-11,2020-10-07,1,0.02231163
55000900097164,2020-10-12,2020-10-08,1,0.022426203
55000900097164,2020-10-13,2020-10-09,1,0.022974705
55000900097164,2020-10-14,2020-10-11,1,0.028588803
55000900097164,2020-10-15,2020-10-12,1,0.0318155
55000900097164,2020-10-16,2020-10-13,1,0.043117166
55000900097164,2020-10-17,2020-10-14,1,0.046190716
55000900097164,2020-10-18,2020-10-15,1,0.052860815
55000900097164,2020-10-19,2020-10-16,1,0.06005367
55000900097164,2020-10-20,2020-10-17,1,0.0711466
55000900097164,2020-10-21,2020-10-18,1,0.085856676
55000900097169,2020-09-18,2020-09-15,0,0.02971859
55000900097169,2020-09-19,2020-09-16,0,0.030230016
55000900097169,2020-09-20,2020-09-17,0,0.03131086
55000900097169,2020-09-21,2020-09-18,0,0.036599442
55000900097169,2020-09-22,2020-09-19,0,0.040220045
55000900097169,2020-09-23,2020-09-20,0,0.041998424
55000900097169,2020-09-24,2020-09-21,0,0.043684684
55000900097169,2020-09-25,2020-09-22,0,0.045290913
55000900097169,2020-09-26,2020-09-23,0,0.05761
55000900097169,2020-09-27,2020-09-24,0,0.0631065
55000900097169,2020-09-28,2020-09-25,0,0.082630195
55000900097169,2020-09-29,2020-09-26,0,0.09197323
55000900097169,2020-09-30,2020-09-27,0,0.09695047
55000900097169,2020-10-01,2020-09-28,0,0.089342125
55000900097169,2020-10-02,2020-09-29,0,0.0770715
55000900097169,2020-10-03,2020-09-30,0,0.0667265
55000900097169,2020-10-04,2020-10-01,0,0.058569778
55000900097169,2020-10-05,2020-10-02,0,0.052999757
55000900097169,2020-10-06,2020-10-03,0,0.04928526
55000900097169,2020-10-07,2020-10-04,0,0.046862334
55000900097169,2020-10-08,2020-10-05,0,0.043523632
55000900097169,2020-10-09,2020-10-06,0,0.04068739
55000900097169,2020-10-10,2020-10-07,1,0.039832983
55000900097169,2020-10-11,2020-10-08,1,0.039881263
55000900097169,2020-10-12,2020-10-09,1,0.041611314
55000900097169,2020-10-13,2020-10-10,1,0.05985781
55000900097169,2020-10-14,2020-10-11,1,0.07371383
55000900097169,2020-10-15,2020-10-12,1,0.085424095
55000900097169,2020-10-16,2020-10-13,0,0.11734538
55000900097169,2020-10-17,2020-10-14,0,0.13248679
55000900097169,2020-10-18,2020-10-15,0,0.15517999
55000900097169,2020-10-19,2020-10-16,0,0.16972904
55000900097169,2020-10-20,2020-10-17,0,0.18258771
55000900097169,2020-10-21,2020-10-18,0,0.19008233
55000900097169,2020-10-22,2020-10-19,1,0.19373576
55000900097169,2020-10-22,2020-10-20,1,0.19351906
55000900097170,2020-09-18,2020-09-15,0,0.8565898
55000900097170,2020-09-19,2020-09-16,0,0.8050859
55000900097170,2020-09-20,2020-09-17,0,0.7222109
55000900097170,2020-09-21,2020-09-18,0,0.6519959
55000900097170,2020-09-22,2020-09-19,0,0.57108015
55000900097170,2020-09-23,2020-09-20,0,0.46318725
55000900097170,2020-09-24,2020-09-21,0,0.33659306
55000900097170,2020-09-26,2020-09-22,0,0.21349622
55000900097170,2020-09-27,2020-09-23,0,0.16530116
55000900097170,2020-09-28,2020-09-24,0,0.14151007
55000900097170,2020-09-29,2020-09-26,0,0.122211784
55000900097170,2020-09-30,2020-09-27,0,0.10967907
55000900097170,2020-10-01,2020-09-28,0,0.097901545
55000900097170,2020-10-02,2020-09-29,0,0.08262481
55000900097170,2020-10-03,2020-09-30,0,0.069912024
55000900097170,2020-10-04,2020-10-01,0,0.059858352
55000900097170,2020-10-05,2020-10-02,0,0.05307262
55000900097170,2020-10-06,2020-10-03,0,0.048209887
55000900097170,2020-10-07,2020-10-04,0,0.044913128
55000900097170,2020-10-08,2020-10-05,0,0.041347045
55000900097170,2020-10-09,2020-10-06,0,0.038697854
55000900097170,2020-10-10,2020-10-07,0,0.037595574
55000900097170,2020-10-11,2020-10-08,0,0.03756753
55000900097170,2020-10-12,2020-10-09,0,0.039520312
55000900097170,2020-10-13,2020-10-10,1,0.05344145
55000900097170,2020-10-14,2020-10-11,0,0.06701798
55000900097170,2020-10-15,2020-10-12,0,0.079150714
55000900097170,2020-10-16,2020-10-13,0,0.108451545
55000900097170,2020-10-17,2020-10-14,0,0.12125187
55000900097170,2020-10-18,2020-10-15,0,0.13632904
55000900097170,2020-10-19,2020-10-16,0,0.1479572
55000900097170,2020-10-20,2020-10-17,0,0.16311944
55000900097170,2020-10-21,2020-10-18,0,0.1814721
55000900097170,2020-10-22,2020-10-19,0,0.19342908
55000900097170,2020-10-23,2020-10-20,0,0.20486003
55000900097170,2020-10-24,2020-10-21,0,0.22552224
55000900097170,2020-10-25,2020-10-22,1,0.24262299
55000900097170,2020-10-26,2020-10-23,0,0.26370198
55000900097170,2020-10-27,2020-10-24,0,0.28428152
55000900097170,2020-10-28,2020-10-25,0,0.3132681
55000900099610,2020-09-18,2020-09-15,1,0.95487756
55000900099610,2020-09-19,2020-09-16,1,0.9542664
55000900099610,2020-09-20,2020-09-17,1,0.95320076
55000900099610,2020-09-21,2020-09-18,1,0.9504165
55000900099610,2020-09-22,2020-09-19,1,0.9493345
55000900099610,2020-09-24,2020-09-20,1,0.94838935
55000900099610,2020-09-25,2020-09-21,1,0.9482651
55000900099610,2020-09-26,2020-09-22,1,0.9478515
55000900099610,2020-09-27,2020-09-24,1,0.9466822
55000900099610,2020-09-28,2020-09-25,1,0.94157666
55000900099610,2020-09-29,2020-09-26,1,0.9434704
55000900099610,2020-09-30,2020-09-27,1,0.9433556
55000900099610,2020-10-01,2020-09-28,1,0.94695365
55000900099610,2020-10-02,2020-09-29,1,0.9504416
55000900099610,2020-10-03,2020-09-30,1,0.9527237
55000900099610,2020-10-04,2020-10-01,1,0.9542077
55000900099610,2020-10-05,2020-10-02,1,0.95460904
55000900099610,2020-10-06,2020-10-03,1,0.9546295
55000900099610,2020-10-07,2020-10-04,1,0.9540852
55000900099610,2020-10-08,2020-10-05,1,0.9547132
55000900099610,2020-10-09,2020-10-06,1,0.95550114
55000900099610,2020-10-10,2020-10-07,1,0.9547857
55000900099610,2020-10-11,2020-10-08,1,0.95366424
55000900099610,2020-10-12,2020-10-09,1,0.952849
55000900099610,2020-10-13,2020-10-10,1,0.9470128
55000900099610,2020-10-14,2020-10-11,1,0.9441553
55000900099610,2020-10-15,2020-10-12,1,0.94418716
55000900099610,2020-10-16,2020-10-13,1,0.9392413
55000900099610,2020-10-17,2020-10-14,1,0.94165784
55000900099610,2020-10-18,2020-10-15,1,0.9424119
55000900099610,2020-10-19,2020-10-16,1,0.9437894
55000900100137,2020-09-18,2020-09-15,0,0.06591424
55000900100137,2020-09-19,2020-09-16,0,0.066728964
55000900100137,2020-09-20,2020-09-17,0,0.068725586
55000900100137,2020-09-21,2020-09-18,0,0.07330938
55000900100137,2020-09-22,2020-09-19,0,0.08040703
55000900100137,2020-09-23,2020-09-20,0,0.08381932
55000900100137,2020-09-24,2020-09-21,0,0.08580207
55000900100137,2020-09-25,2020-09-22,0,0.08795448
55000900100137,2020-09-26,2020-09-23,0,0.098092064
55000900100137,2020-09-27,2020-09-24,0,0.10862364
55000900100137,2020-09-28,2020-09-25,0,0.13336346
55000900100137,2020-09-29,2020-09-26,0,0.14494868
55000900100137,2020-09-30,2020-09-27,0,0.15482673
55000900100137,2020-10-01,2020-09-28,0,0.15102695
55000900100137,2020-10-02,2020-09-29,0,0.1385158
55000900100137,2020-10-03,2020-09-30,0,0.12494147
55000900100137,2020-10-04,2020-10-01,0,0.11251065
55000900100137,2020-10-05,2020-10-02,0,0.10231209
55000900100137,2020-10-06,2020-10-03,0,0.09432418
55000900100137,2020-10-07,2020-10-04,0,0.08848193
55000900100137,2020-10-08,2020-10-05,0,0.08255065
55000900100137,2020-10-09,2020-10-06,0,0.0772789
55000900100137,2020-10-10,2020-10-07,0,0.07479845
55000900100137,2020-10-11,2020-10-08,1,0.073938936
55000900100137,2020-10-12,2020-10-09,1,0.074128754
55000900100137,2020-10-13,2020-10-10,1,0.08326158
55000900100137,2020-10-14,2020-10-11,1,0.10096326
55000900100137,2020-10-16,2020-10-12,0,0.1188215
55000900100137,2020-10-17,2020-10-13,0,0.15008138
55000900100137,2020-10-18,2020-10-14,0,0.16869459
55000900100137,2020-10-19,2020-10-16,0,0.18250088
55000900100137,2020-10-20,2020-10-17,0,0.19301364
55000900131558,2020-09-18,2020-09-15,1,0.95168096
55000900131558,2020-09-19,2020-09-16,1,0.9511894
55000900131558,2020-09-20,2020-09-17,1,0.949838
55000900131558,2020-09-21,2020-09-18,1,0.9472135
55000900131558,2020-09-22,2020-09-19,1,0.9454552
55000900131558,2020-09-23,2020-09-20,1,0.94430023
55000900131558,2020-09-24,2020-09-21,1,0.94335026
55000900131558,2020-09-25,2020-09-22,1,0.9426572
55000900131558,2020-09-26,2020-09-23,1,0.93938255
55000900131558,2020-09-27,2020-09-24,1,0.9394725
55000900131558,2020-09-28,2020-09-25,1,0.9350235
55000900131558,2020-09-29,2020-09-26,1,0.9366985
55000900131558,2020-09-30,2020-09-27,1,0.9364727
55000900131558,2020-10-01,2020-09-28,1,0.9395147
55000900131558,2020-10-02,2020-09-29,1,0.9426418
55000900131558,2020-10-03,2020-09-30,1,0.9448174
55000900131558,2020-10-04,2020-10-01,1,0.9464879
55000900131558,2020-10-05,2020-10-02,1,0.9472872
55000900131558,2020-10-06,2020-10-03,1,0.94764364
55000900131558,2020-10-07,2020-10-04,1,0.9475866
55000900131558,2020-10-08,2020-10-05,1,0.9486093
55000900131558,2020-10-09,2020-10-06,1,0.9491993
55000900131558,2020-10-10,2020-10-07,1,0.9482474
55000900131558,2020-10-11,2020-10-08,1,0.94600695
55000900131558,2020-10-12,2020-10-09,1,0.94287544
55000900131558,2020-10-13,2020-10-10,1,0.9355557
55000900131558,2020-10-14,2020-10-11,1,0.9345842
55000900131558,2020-10-15,2020-10-12,1,0.9346079
55000900131558,2020-10-16,2020-10-13,1,0.92927027
55000900131558,2020-10-17,2020-10-14,1,0.932405
55000900131558,2020-10-18,2020-10-15,1,0.93325156
55000900131558,2020-10-19,2020-10-16,1,0.9343968
55000900131558,2020-10-20,2020-10-17,1,0.9344152
55000900131558,2020-10-21,2020-10-18,1,0.9340538
55000900167054,2020-09-18,2020-09-15,1,0.9492826
55000900167054,2020-09-19,2020-09-16,1,0.9484348
55000900167054,2020-09-20,2020-09-17,1,0.9473727
55000900167054,2020-09-21,2020-09-18,1,0.946369
55000900167054,2020-09-22,2020-09-19,1,0.94560343
55000900167054,2020-09-23,2020-09-20,1,0.9442795
55000900167054,2020-09-24,2020-09-21,1,0.94374835
55000900167054,2020-09-25,2020-09-22,1,0.94315296
55000900167054,2020-09-26,2020-09-23,1,0.9421112
55000900167054,2020-09-27,2020-09-24,1,0.941939
55000900167054,2020-09-28,2020-09-25,1,0.9389813
55000900167054,2020-09-29,2020-09-26,1,0.93986964
55000900167054,2020-09-30,2020-09-27,1,0.9391096
55000900167054,2020-10-01,2020-09-28,1,0.9420114
55000900167054,2020-10-02,2020-09-29,1,0.9451615
55000900167054,2020-10-03,2020-09-30,1,0.94748354
55000900167054,2020-10-04,2020-10-01,1,0.9490471
55000900167054,2020-10-05,2020-10-02,1,0.9496138
55000900167054,2020-10-06,2020-10-03,1,0.9494532
55000900167054,2020-10-07,2020-10-04,1,0.94862485
55000900167054,2020-10-08,2020-10-05,1,0.9489382
55000900167054,2020-10-09,2020-10-06,1,0.9502845
55000900167054,2020-10-10,2020-10-07,1,0.94937766
55000900167054,2020-10-11,2020-10-08,1,0.94813627
55000900167054,2020-10-12,2020-10-09,1,0.9466662
55000900167054,2020-10-13,2020-10-10,1,0.9430318
55000900167054,2020-10-14,2020-10-11,1,0.9408946
55000900167054,2020-10-15,2020-10-12,1,0.9407892
55000900167054,2020-10-16,2020-10-13,1,0.93710876
55000900167054,2020-10-17,2020-10-14,1,0.9387611
55000900167054,2020-10-18,2020-10-15,1,0.93828243
55000900167054,2020-10-19,2020-10-16,1,0.93864346
55000900167054,2020-10-20,2020-10-17,1,0.9384275
55000900167692,2020-09-19,2020-09-15,1,0.95292723
55000900167692,2020-09-20,2020-09-16,1,0.9525349
55000900167692,2020-09-21,2020-09-17,1,0.9512263
55000900167692,2020-09-22,2020-09-19,1,0.94873405
55000900167692,2020-09-23,2020-09-20,1,0.9475075
55000900167692,2020-09-24,2020-09-21,1,0.94634515
55000900167692,2020-09-25,2020-09-22,1,0.9451958
55000900167692,2020-09-26,2020-09-23,1,0.94242936
55000900167692,2020-09-27,2020-09-24,1,0.94108987
55000900167692,2020-09-28,2020-09-25,1,0.93716186
55000900167692,2020-09-29,2020-09-26,1,0.93758035
55000900167692,2020-09-30,2020-09-27,1,0.9380455
55000900167692,2020-10-01,2020-09-28,1,0.9421203
55000900167692,2020-10-02,2020-09-29,1,0.9458408
55000900167692,2020-10-03,2020-09-30,1,0.9485872
55000900167692,2020-10-04,2020-10-01,1,0.95081466
55000900167692,2020-10-05,2020-10-02,1,0.95175374
55000900167692,2020-10-10,2020-10-03,1,0.9519757
55000900167692,2020-10-11,2020-10-04,1,0.95125103
55000900167692,2020-10-12,2020-10-05,1,0.95226204
55000900167692,2020-10-13,2020-10-10,1,0.94686913
55000900167692,2020-10-14,2020-10-11,1,0.94408864
55000900167692,2020-10-15,2020-10-12,1,0.9424447
55000900167692,2020-10-16,2020-10-13,1,0.93803734
55000900167692,2020-10-17,2020-10-14,1,0.93827856
55000900167692,2020-10-18,2020-10-15,1,0.9386192
55000900167692,2020-10-19,2020-10-16,1,0.9389633
55000900167692,2020-10-20,2020-10-17,1,0.9380513
55000900167704,2020-09-18,2020-09-15,1,0.95697016
55000900167704,2020-09-19,2020-09-16,1,0.9565619
55000900167704,2020-09-20,2020-09-17,1,0.9557575
55000900167704,2020-09-21,2020-09-18,1,0.95333445
55000900167704,2020-09-22,2020-09-19,1,0.952365
55000900167704,2020-09-23,2020-09-20,1,0.9515428
55000900167704,2020-09-24,2020-09-21,1,0.9510199
55000900167704,2020-09-25,2020-09-22,1,0.9503771
55000900167704,2020-09-26,2020-09-23,1,0.9455772
55000900167704,2020-09-27,2020-09-24,1,0.9460665
55000900167704,2020-09-28,2020-09-25,1,0.94080555
55000900167704,2020-09-29,2020-09-26,1,0.9429256
55000900167704,2020-09-30,2020-09-27,1,0.9428289
55000900167704,2020-10-01,2020-09-28,1,0.9468706
55000900167704,2020-10-02,2020-09-29,1,0.9502537
55000900167704,2020-10-03,2020-09-30,1,0.9529553
55000900167704,2020-10-04,2020-10-01,1,0.95497453
55000900167704,2020-10-05,2020-10-02,1,0.955851
55000900167704,2020-10-06,2020-10-03,1,0.9562059
55000900167704,2020-10-07,2020-10-04,1,0.95593184
55000900167704,2020-10-08,2020-10-05,1,0.95667636
55000900167704,2020-10-09,2020-10-06,1,0.9574464
55000900167704,2020-10-10,2020-10-07,1,0.9568205
55000900167704,2020-10-11,2020-10-08,1,0.9558893
55000900167704,2020-10-12,2020-10-09,1,0.9551996
55000900167704,2020-10-13,2020-10-10,1,0.9470578
55000900167704,2020-10-14,2020-10-11,1,0.9445917
55000900167704,2020-10-15,2020-10-12,1,0.945555
55000900167704,2020-10-16,2020-10-13,1,0.9399124
55000900167704,2020-10-17,2020-10-14,1,0.94257855
55000900167704,2020-10-18,2020-10-15,1,0.9430039
55000900167704,2020-10-19,2020-10-16,1,0.9437412
55000900167704,2020-10-20,2020-10-17,1,0.94334906
55000900167704,2020-10-21,2020-10-18,1,0.9428482
55000900167704,2020-10-21,2020-10-19,1,0.9416557
55000900201800,2020-09-18,2020-09-15,1,0.95536083
55000900201800,2020-09-19,2020-09-16,1,0.95473224
55000900201800,2020-09-20,2020-09-17,1,0.95356363
55000900201800,2020-09-21,2020-09-18,1,0.95054173
55000900201800,2020-09-22,2020-09-19,1,0.94939506
55000900201800,2020-09-23,2020-09-20,1,0.9485834
55000900201800,2020-09-24,2020-09-21,1,0.94786906
55000900201800,2020-09-25,2020-09-22,1,0.9468775
55000900201800,2020-09-26,2020-09-23,1,0.94388497
55000900201800,2020-09-27,2020-09-24,1,0.94408864
55000900201800,2020-09-28,2020-09-25,1,0.9400041
55000900201800,2020-09-29,2020-09-26,1,0.94137585
55000900201800,2020-09-30,2020-09-27,1,0.94063973
55000900201800,2020-10-01,2020-09-28,1,0.9443859
55000900201800,2020-10-02,2020-09-29,1,0.9485146
55000900201800,2020-10-03,2020-09-30,1,0.9516652
55000900201800,2020-10-04,2020-10-01,1,0.9537291
55000900201800,2020-10-05,2020-10-02,1,0.9545969
55000900201800,2020-10-06,2020-10-03,1,0.9547173
55000900201800,2020-10-07,2020-10-04,1,0.95404524
55000900201800,2020-10-08,2020-10-05,1,0.95476943
55000900201800,2020-10-09,2020-10-06,1,0.9560287
55000900201800,2020-10-11,2020-10-07,1,0.9551356
55000900201800,2020-10-12,2020-10-08,1,0.9537892
55000900201800,2020-10-13,2020-10-09,1,0.9525416
55000900201800,2020-10-14,2020-10-11,1,0.94774675
55000900201800,2020-10-15,2020-10-12,1,0.94646585
55000900201800,2020-10-16,2020-10-13,1,0.94182795
55000900201800,2020-10-17,2020-10-14,1,0.94272643
55000900201800,2020-10-18,2020-10-15,1,0.9424793
55000900201800,2020-10-19,2020-10-16,1,0.94282633
55000900201800,2020-10-20,2020-10-17,1,0.9418706
55000900201800,2020-10-21,2020-10-18,1,0.94106245
55000900201811,2020-09-18,2020-09-15,1,0.95207727
55000900201811,2020-09-19,2020-09-16,1,0.95170414
55000900201811,2020-09-20,2020-09-17,1,0.950641
55000900201811,2020-09-21,2020-09-18,1,0.94891095
55000900201811,2020-09-22,2020-09-19,1,0.9473458
55000900201811,2020-09-23,2020-09-20,1,0.94651216
55000900201811,2020-09-24,2020-09-21,1,0.94571763
55000900201811,2020-09-25,2020-09-22,1,0.9448472
55000900201811,2020-09-26,2020-09-23,1,0.9416348
55000900201811,2020-09-27,2020-09-24,1,0.94190145
55000900201811,2020-09-28,2020-09-25,1,0.93744946
55000900201811,2020-09-29,2020-09-26,1,0.9391768
55000900201811,2020-09-30,2020-09-27,1,0.9387379
55000900201811,2020-10-01,2020-09-28,1,0.9419287
55000900201811,2020-10-02,2020-09-29,1,0.9458171
55000900201811,2020-10-03,2020-09-30,1,0.9482127
55000900201811,2020-10-04,2020-10-01,1,0.94992715
55000900201811,2020-10-05,2020-10-02,1,0.9505673
55000900201811,2020-10-06,2020-10-03,1,0.95075095
55000900201811,2020-10-07,2020-10-04,1,0.9503101
55000900201811,2020-10-08,2020-10-05,1,0.9511617
55000900201811,2020-10-09,2020-10-06,1,0.9520701
55000900201811,2020-10-10,2020-10-07,1,0.95138687
55000900201811,2020-10-11,2020-10-08,1,0.9501769
55000900201811,2020-10-12,2020-10-09,1,0.94947296
55000900201811,2020-10-13,2020-10-10,1,0.94313854
55000900201811,2020-10-14,2020-10-11,1,0.9412642
55000900201811,2020-10-15,2020-10-12,1,0.94185185
55000900201811,2020-10-16,2020-10-13,1,0.9367331
55000900201811,2020-10-17,2020-10-14,1,0.9390422
55000900201811,2020-10-18,2020-10-15,1,0.9392359
55000900201811,2020-10-19,2020-10-16,1,0.9398011
55000900201811,2020-10-20,2020-10-17,1,0.9395231
55000900201811,2020-10-21,2020-10-18,1,0.9390555
55000900201811,2020-10-22,2020-10-19,1,0.9383136
55000900201811,2020-10-23,2020-10-20,1,0.9378757
55000900202948,2020-09-18,2020-09-15,1,0.9528102
55000900202948,2020-09-19,2020-09-16,1,0.95222205
55000900202948,2020-09-20,2020-09-17,1,0.9508759
55000900202948,2020-09-21,2020-09-18,1,0.94859815
55000900202948,2020-09-22,2020-09-19,1,0.9469966
55000900202948,2020-09-23,2020-09-20,1,0.9459647
55000900202948,2020-09-24,2020-09-21,1,0.94542
55000900202948,2020-09-25,2020-09-22,1,0.94464284
55000900202948,2020-09-26,2020-09-23,1,0.9421877
55000900202948,2020-09-27,2020-09-24,1,0.94151026
55000900202948,2020-09-28,2020-09-25,1,0.93700504
55000900202948,2020-09-29,2020-09-26,1,0.93958867
55000900202948,2020-09-30,2020-09-27,1,0.9391885
55000900202948,2020-10-01,2020-09-28,1,0.94236606
55000900202948,2020-10-02,2020-09-29,1,0.94613796
55000900202948,2020-10-03,2020-09-30,1,0.9486134
55000900202948,2020-10-04,2020-10-01,1,0.95060885
55000900202948,2020-10-05,2020-10-02,1,0.9512766
55000900202948,2020-10-06,2020-10-03,1,0.95144206
55000900202948,2020-10-07,2020-10-04,1,0.95093626
55000900202948,2020-10-08,2020-10-05,1,0.9520214
55000900202948,2020-10-09,2020-10-06,1,0.9530421
55000900202948,2020-10-10,2020-10-07,1,0.95211387
55000900202948,2020-10-11,2020-10-08,1,0.9507568
55000900202948,2020-10-12,2020-10-09,1,0.949848
55000900202948,2020-10-13,2020-10-10,1,0.9459714
55000900202948,2020-10-14,2020-10-11,1,0.94285995
55000900202948,2020-10-15,2020-10-12,1,0.94231343
55000900202948,2020-10-16,2020-10-13,1,0.93790287
55000900202948,2020-10-17,2020-10-14,1,0.93979394
55000900202948,2020-10-18,2020-10-15,1,0.9402509
55000900202948,2020-10-19,2020-10-16,1,0.9406998
55000900202948,2020-10-20,2020-10-17,1,0.94022876
55000900202948,2020-10-21,2020-10-18,1,0.94028145
55000900202948,2020-10-22,2020-10-19,1,0.9394434
55000900235848,2020-09-18,2020-09-15,1,0.9540599
55000900235848,2020-09-19,2020-09-16,1,0.95388645
55000900235848,2020-09-20,2020-09-17,1,0.95307267
55000900235848,2020-09-21,2020-09-18,1,0.95077586
55000900235848,2020-09-22,2020-09-19,1,0.949466
55000900235848,2020-09-23,2020-09-20,1,0.94856274
55000900235848,2020-09-24,2020-09-21,1,0.9479844
55000900235848,2020-09-25,2020-09-22,1,0.9474509
55000900235848,2020-09-26,2020-09-23,1,0.9438151
55000900235848,2020-09-27,2020-09-24,1,0.9442506
55000900235848,2020-09-28,2020-09-25,1,0.9395497
55000900235848,2020-09-29,2020-09-26,1,0.94112396
55000900235848,2020-09-30,2020-09-27,1,0.9411517
55000900235848,2020-10-01,2020-09-28,1,0.9450634
55000900235848,2020-10-02,2020-09-29,1,0.948176
55000900235848,2020-10-03,2020-09-30,1,0.9506543
55000900235848,2020-10-04,2020-10-01,1,0.95254904
55000900235848,2020-10-05,2020-10-02,1,0.9533207
55000900235848,2020-10-06,2020-10-03,1,0.9534986
55000900235848,2020-10-07,2020-10-04,1,0.9531093
55000900235848,2020-10-08,2020-10-05,1,0.95379704
55000900235848,2020-10-09,2020-10-06,1,0.95474195
55000900235848,2020-10-10,2020-10-07,1,0.95399666
55000900235848,2020-10-11,2020-10-08,1,0.95292246
55000900235848,2020-10-12,2020-10-09,1,0.95231545
55000900235848,2020-10-13,2020-10-10,1,0.94524354
55000900235848,2020-10-14,2020-10-11,1,0.94320494
55000900235848,2020-10-15,2020-10-12,1,0.94342387
55000900235848,2020-10-16,2020-10-13,1,0.93838686
55000900235848,2020-10-17,2020-10-14,1,0.9406381
55000900235848,2020-10-18,2020-10-15,1,0.94108284
55000900235848,2020-10-19,2020-10-16,1,0.9418527
55000900235848,2020-10-20,2020-10-17,1,0.94161916
55000900236525,2020-09-18,2020-09-15,1,0.9556534
55000900236525,2020-09-19,2020-09-16,1,0.9552175
55000900236525,2020-09-20,2020-09-17,1,0.954025
55000900236525,2020-09-21,2020-09-18,1,0.9507164
55000900236525,2020-09-22,2020-09-19,1,0.94863236
55000900236525,2020-09-23,2020-09-20,1,0.9476698
55000900236525,2020-09-24,2020-09-21,1,0.9467586
55000900236525,2020-09-25,2020-09-22,1,0.945804
55000900236525,2020-09-26,2020-09-23,1,0.94192636
55000900236525,2020-09-27,2020-09-24,1,0.9410829
55000900236525,2020-09-28,2020-09-25,1,0.9369048
55000900236525,2020-09-29,2020-09-26,1,0.9383151
55000900236525,2020-09-30,2020-09-27,1,0.93853855
55000900236525,2020-10-01,2020-09-28,1,0.9424951
55000900236525,2020-10-02,2020-09-29,1,0.9465001
55000900236525,2020-10-03,2020-09-30,1,0.94952685
55000900236525,2020-10-04,2020-10-01,1,0.95208484
55000900236525,2020-10-05,2020-10-02,1,0.9532894
55000900236525,2020-10-06,2020-10-03,1,0.95381224
55000900236525,2020-10-07,2020-10-04,1,0.95346004
55000900236525,2020-10-08,2020-10-05,1,0.9545593
55000900236525,2020-10-09,2020-10-06,1,0.9556262
55000900236525,2020-10-10,2020-10-07,1,0.9548692
55000900236525,2020-10-11,2020-10-08,1,0.9534524
55000900236525,2020-10-12,2020-10-09,1,0.9521646
55000900236525,2020-10-13,2020-10-10,1,0.9450788
55000900236525,2020-10-14,2020-10-11,1,0.9421663
55000900236525,2020-10-15,2020-10-12,1,0.9418694
55000900236525,2020-10-16,2020-10-13,1,0.937002
55000900236525,2020-10-17,2020-10-14,1,0.938553
55000900236525,2020-10-18,2020-10-15,1,0.9394494
55000900236525,2020-10-19,2020-10-16,1,0.9397699
55000900237668,2020-09-18,2020-09-15,0,0.06393065
55000900237668,2020-09-19,2020-09-16,0,0.06411935
55000900237668,2020-09-20,2020-09-17,0,0.065572195
55000900237668,2020-09-21,2020-09-18,0,0.069108024
55000900237668,2020-09-22,2020-09-19,0,0.0771388
55000900237668,2020-09-23,2020-09-20,0,0.082923986
55000900237668,2020-09-24,2020-09-21,0,0.08697142
55000900237668,2020-09-25,2020-09-22,0,0.09071607
55000900237668,2020-09-26,2020-09-23,0,0.104841076
55000900237668,2020-09-27,2020-09-24,0,0.121010356
55000900237668,2020-09-28,2020-09-25,0,0.15688252
55000900237668,2020-09-29,2020-09-26,0,0.1721514
55000900237668,2020-09-30,2020-09-27,0,0.18676963
55000900237668,2020-10-01,2020-09-28,0,0.18495487
55000900237668,2020-10-02,2020-09-29,0,0.17534961
55000900237668,2020-10-03,2020-09-30,0,0.1640237
55000900237668,2020-10-04,2020-10-01,0,0.15114814
55000900237668,2020-10-05,2020-10-02,0,0.13914822
55000900237668,2020-10-06,2020-10-03,0,0.1281348
55000900237668,2020-10-07,2020-10-04,0,0.11881768
55000900237668,2020-10-08,2020-10-05,0,0.10794017
55000900237668,2020-10-09,2020-10-06,0,0.09807344
55000900237668,2020-10-10,2020-10-07,0,0.09181074
55000900237668,2020-10-11,2020-10-08,1,0.08827929
55000900237668,2020-10-12,2020-10-09,1,0.08551568
55000900237668,2020-10-13,2020-10-10,1,0.09938891
55000900237668,2020-10-14,2020-10-11,1,0.12763743
55000900237668,2020-10-15,2020-10-12,1,0.15662749
55000900237668,2020-10-16,2020-10-13,0,0.20864001
55000900237668,2020-10-17,2020-10-14,0,0.24148199
55000900237668,2020-10-18,2020-10-15,0,0.28962454
55000900237668,2020-10-19,2020-10-16,0,0.31953064
55000900237668,2020-10-20,2020-10-17,0,0.34038875
55000900237668,2020-10-21,2020-10-18,0,0.34229237
55000900237668,2020-10-22,2020-10-19,0,0.34491226
55000900237668,2020-10-23,2020-10-20,0,0.3443166
55000900237668,2020-10-24,2020-10-21,1,0.34194297
55000900237668,2020-10-25,2020-10-22,0,0.33346412
55000900237668,2020-10-26,2020-10-23,0,0.33149648
55000900237668,2020-10-27,2020-10-24,0,0.34608212
55000900271029,2020-09-18,2020-09-15,1,0.955787
55000900271029,2020-09-19,2020-09-16,1,0.955321
55000900271029,2020-09-20,2020-09-17,1,0.9541376
55000900271029,2020-09-21,2020-09-18,1,0.9510313
55000900271029,2020-09-22,2020-09-19,1,0.949568
55000900271029,2020-09-23,2020-09-20,1,0.94881487
55000900271029,2020-09-24,2020-09-21,1,0.9482235
55000900271029,2020-09-25,2020-09-22,1,0.9475199
55000900271029,2020-09-26,2020-09-23,1,0.9435234
55000900271029,2020-09-27,2020-09-24,1,0.94353515
55000900271029,2020-09-28,2020-09-25,1,0.93878824
55000900271029,2020-09-29,2020-09-26,1,0.9412091
55000900271029,2020-09-30,2020-09-27,1,0.9415756
55000900271029,2020-10-01,2020-09-28,1,0.94511527
55000900271029,2020-10-02,2020-09-29,1,0.94908035
55000900271029,2020-10-03,2020-09-30,1,0.9515086
55000900271029,2020-10-04,2020-10-01,1,0.9532469
55000900271029,2020-10-05,2020-10-02,1,0.9538345
55000900271029,2020-10-06,2020-10-03,1,0.954016
55000900271029,2020-10-07,2020-10-04,1,0.95365405
55000900271029,2020-10-08,2020-10-05,1,0.954724
55000900271029,2020-10-09,2020-10-06,1,0.9555581
55000900271029,2020-10-10,2020-10-07,1,0.9548032
55000900271029,2020-10-11,2020-10-08,1,0.95350695
55000900271029,2020-10-12,2020-10-09,1,0.95221394
55000900271029,2020-10-13,2020-10-10,1,0.9451871
55000900271029,2020-10-14,2020-10-11,1,0.9429954
55000900271029,2020-10-15,2020-10-12,1,0.9434655
55000900271029,2020-10-16,2020-10-13,1,0.93814236
55000900271029,2020-10-17,2020-10-14,1,0.94090813
55000900271029,2020-10-18,2020-10-15,1,0.9419666
55000900271029,2020-10-19,2020-10-16,1,0.9427688
55000900271029,2020-10-20,2020-10-17,1,0.942655
55000900271635,2020-09-18,2020-09-15,1,0.95663446
55000900271635,2020-09-19,2020-09-16,1,0.95576936
55000900271635,2020-09-20,2020-09-17,1,0.9545845
55000900271635,2020-09-21,2020-09-18,1,0.951599
55000900271635,2020-09-22,2020-09-19,1,0.95050526
55000900271635,2020-09-23,2020-09-20,1,0.9497357
55000900271635,2020-09-24,2020-09-21,1,0.9495698
55000900271635,2020-09-25,2020-09-22,1,0.94908184
55000900271635,2020-09-26,2020-09-23,1,0.9469108
55000900271635,2020-09-27,2020-09-24,1,0.9467713
55000900271635,2020-09-28,2020-09-25,1,0.9426832
55000900271635,2020-09-29,2020-09-26,1,0.9456822
55000900271635,2020-09-30,2020-09-27,1,0.9455684
55000900271635,2020-10-01,2020-09-28,1,0.94873095
55000900271635,2020-10-02,2020-09-29,1,0.95215386
55000900271635,2020-10-03,2020-09-30,1,0.95454466
55000900271635,2020-10-04,2020-10-01,1,0.9559821
55000900271635,2020-10-05,2020-10-02,1,0.95642895
55000900271635,2020-10-06,2020-10-03,1,0.9562859
55000900271635,2020-10-07,2020-10-04,1,0.95555586
55000900271635,2020-10-08,2020-10-05,1,0.95604616
55000900271635,2020-10-09,2020-10-06,1,0.95703727
55000900271635,2020-10-10,2020-10-07,1,0.9562069
55000900271635,2020-10-11,2020-10-08,1,0.9550077
55000900271635,2020-10-12,2020-10-09,1,0.95329654
55000900271635,2020-10-13,2020-10-10,1,0.94747037
55000900271635,2020-10-14,2020-10-11,1,0.94551873
55000900271635,2020-10-15,2020-10-12,1,0.94573915
55000900271635,2020-10-16,2020-10-13,1,0.94156235
55000900271635,2020-10-17,2020-10-14,1,0.94532776
55000900271635,2020-10-18,2020-10-15,1,0.9457158
55000900271635,2020-10-19,2020-10-16,1,0.9466292
55000900271635,2020-10-20,2020-10-17,1,0.94649327
55000900271635,2020-10-21,2020-10-18,1,0.94644
55000900272209,2020-09-18,2020-09-15,1,0.9546573
55000900272209,2020-09-19,2020-09-16,1,0.9539964
55000900272209,2020-09-20,2020-09-17,1,0.9524528
55000900272209,2020-09-21,2020-09-18,1,0.9485872
55000900272209,2020-09-22,2020-09-19,1,0.9476822
55000900272209,2020-09-23,2020-09-20,1,0.94697887
55000900272209,2020-09-24,2020-09-21,1,0.94651306
55000900272209,2020-09-25,2020-09-22,1,0.9456271
55000900272209,2020-09-26,2020-09-23,1,0.9419214
55000900272209,2020-09-27,2020-09-24,1,0.942441
55000900272209,2020-09-28,2020-09-25,1,0.937156
55000900272209,2020-09-29,2020-09-26,1,0.94084764
55000900272209,2020-09-30,2020-09-27,1,0.9411881
55000900272209,2020-10-01,2020-09-28,1,0.94458115
55000900272209,2020-10-02,2020-09-29,1,0.9485069
55000900272209,2020-10-03,2020-09-30,1,0.951014
55000900272209,2020-10-04,2020-10-01,1,0.9527557
55000900272209,2020-10-05,2020-10-02,1,0.9531696
55000900272209,2020-10-06,2020-10-03,1,0.9531655
55000900272209,2020-10-07,2020-10-04,1,0.95258635
55000900272209,2020-10-08,2020-10-05,1,0.95368755
55000900272209,2020-10-09,2020-10-06,1,0.95456797
55000900272209,2020-10-10,2020-10-07,1,0.95362455
55000900272209,2020-10-11,2020-10-08,1,0.9520156
55000900272209,2020-10-12,2020-10-09,1,0.95095974
55000900272209,2020-10-13,2020-10-10,1,0.9446689
55000900272209,2020-10-14,2020-10-11,1,0.9426576
55000900272209,2020-10-15,2020-10-12,1,0.9429223
55000900272209,2020-10-16,2020-10-13,1,0.93794197
55000900272209,2020-10-17,2020-10-14,1,0.9411169
55000900272209,2020-10-18,2020-10-15,1,0.94210154
55000900272209,2020-10-19,2020-10-16,1,0.9429263
55000900272714,2020-09-18,2020-09-15,1,0.9501546
55000900272714,2020-09-19,2020-09-16,1,0.9492811
55000900272714,2020-09-20,2020-09-17,1,0.947817
55000900272714,2020-09-21,2020-09-18,1,0.94623595
55000900272714,2020-09-22,2020-09-19,1,0.94477296
55000900272714,2020-09-23,2020-09-20,1,0.94375724
55000900272714,2020-09-24,2020-09-21,1,0.94320077
55000900272714,2020-09-25,2020-09-22,1,0.9425203
55000900272714,2020-09-26,2020-09-23,1,0.9410542
55000900272714,2020-09-27,2020-09-24,1,0.9401613
55000900272714,2020-09-28,2020-09-25,1,0.9365556
55000900272714,2020-09-29,2020-09-26,1,0.9374246
55000900272714,2020-09-30,2020-09-27,1,0.93684065
55000900272714,2020-10-01,2020-09-28,1,0.94008744
55000900272714,2020-10-02,2020-09-29,1,0.9439501
55000900272714,2020-10-03,2020-09-30,1,0.946881
55000900272714,2020-10-04,2020-10-01,1,0.9490742
55000900272714,2020-10-05,2020-10-02,1,0.94990444
55000900272714,2020-10-06,2020-10-03,1,0.95004624
55000900272714,2020-10-07,2020-10-04,1,0.94946826
55000900272714,2020-10-08,2020-10-05,1,0.95028836
55000900272714,2020-10-09,2020-10-06,1,0.9515447
55000900272714,2020-10-10,2020-10-07,1,0.9505887
55000900272714,2020-10-11,2020-10-08,1,0.94928354
55000900272714,2020-10-12,2020-10-09,1,0.9481934
55000900272714,2020-10-13,2020-10-10,1,0.94480085
55000900272714,2020-10-14,2020-10-11,1,0.941887
55000900272714,2020-10-15,2020-10-12,1,0.9410655
55000900272714,2020-10-16,2020-10-13,1,0.9375049
55000900272714,2020-10-17,2020-10-14,1,0.9381565
55000900272714,2020-10-18,2020-10-15,1,0.9383669
55000900272714,2020-10-19,2020-10-16,1,0.93882006
55000900272714,2020-10-20,2020-10-17,1,0.9383678
55000900272714,2020-10-21,2020-10-18,1,0.93823045
55000900272714,2020-10-21,2020-10-19,1,0.9372654
